,url
0,https://apps.apple.com/us/app/comcare/id1537030026
1,https://apps.apple.com/us/app/natural-cleaners/id1512503976
2,https://apps.apple.com/us/app/carker-para-talleres/id1549021610
3,https://apps.apple.com/us/app/centred-soul/id1613819198
4,https://apps.apple.com/us/app/%E5%A4%A7%E7%B9%81%E7%9B%9B-%E3%81%BE%E3%82%93%E3%81%B7%E3%81%8F%E3%83%9E%E3%83%AB%E3%82%B7%E3%82%A73/id1301811479
5,https://apps.apple.com/us/app/%D1%80%D0%B8%D1%81%D0%B0%D0%BD-%D1%81%D0%B5%D1%80%D0%B2%D0%B8%D1%81/id6444107922
6,https://apps.apple.com/us/app/agiito-connect/id1589954400
7,https://apps.apple.com/us/app/pcm-silver/id1632724622
8,https://apps.apple.com/us/app/skooler-parents/id1548959125
9,https://apps.apple.com/us/app/mybudgetter-simple-budget-app/id1619496328
10,https://apps.apple.com/us/app/american-seminar-institute/id985569986
11,https://apps.apple.com/us/app/more-crazy-cats/id922529105
12,https://apps.apple.com/us/app/kioskeys/id1632084137
13,https://apps.apple.com/us/app/access-manager/id1602739715
14,https://apps.apple.com/us/app/myisu-idaho-state-university/id6451000261
15,https://apps.apple.com/us/app/mambo-touch/id1592651295
16,https://apps.apple.com/us/app/%E7%B3%96%E6%9E%9C%E6%BC%AB%E7%94%BB/id6456791715
17,https://apps.apple.com/us/app/%D0%B0%D0%B3%D1%80%D0%BE%D0%BA%D0%BE%D0%BC%D0%BF%D0%B0%D1%81-%D1%81%D0%B5%D1%80%D0%B2%D0%B8%D1%81-%D0%B4%D0%BB%D1%8F-%D0%B0%D0%B3%D1%80%D0%B0%D1%80%D0%B8%D0%B5%D0%B2/id6444704253
18,https://apps.apple.com/us/app/the-plygrd/id6443482701
19,https://apps.apple.com/us/app/selah-devos/id1383328814
20,https://apps.apple.com/us/app/learning-about-animals/id1002380951
21,https://apps.apple.com/us/app/signature-title-bottomline/id1609214130
22,https://apps.apple.com/us/app/fitmedik/id6452804088
23,https://apps.apple.com/us/app/awesome-tattoo-ideas/id1086399320
24,https://apps.apple.com/us/app/apprentio/id1331932593
25,https://apps.apple.com/us/app/%D0%B2-%D1%83%D0%BC%D0%B5/id482487701
26,https://apps.apple.com/us/app/%D9%86%D8%A8%D8%A7%D8%AA%D8%A7%D8%AA-%D9%81%D9%84%D8%B3%D8%B7%D9%8A%D9%86/id1547417848
27,https://apps.apple.com/us/app/cradle-of-rome-2-hd/id481946072
28,https://apps.apple.com/us/app/nike-studios/id6449985343
29,https://apps.apple.com/us/app/%ED%88%AC%EC%9E%89-toeng-ai-%EC%98%81%EC%96%B4-%ED%9A%8C%ED%99%94-%EC%96%B4%ED%94%8C%EB%A6%AC%EC%BC%80%EC%9D%B4%EC%85%98/id6449927248
30,https://apps.apple.com/us/app/coffee-recipes-best-coffee-recipes/id1168620706
31,https://apps.apple.com/us/app/katu-weather/id863172114
32,https://apps.apple.com/us/app/ki-housing/id1558817794
33,https://apps.apple.com/us/app/petrol-club-grifon/id1576834153
34,https://apps.apple.com/us/app/fuel-training-club-new/id6475374625
35,https://apps.apple.com/us/app/kemba-financial-credit-union/id1575946321
36,https://apps.apple.com/us/app/happy-root-420/id1645113394
37,https://apps.apple.com/us/app/location-sharing-real-time/id1362024645
38,https://apps.apple.com/us/app/mavie-aponect-pharmacy/id1601251982
39,https://apps.apple.com/us/app/la-mega-97-9/id1501389334
40,https://apps.apple.com/us/app/newcastle-herald/id1527270296
41,https://apps.apple.com/us/app/bungalo/id1454534933
42,https://apps.apple.com/us/app/magma/id1325767750
43,https://apps.apple.com/us/app/%D7%90%D7%92%D7%AA%D7%94-agatha/id1188730061
44,https://apps.apple.com/us/app/patole-pusher-mini-2/id1502963597
45,https://apps.apple.com/us/app/%E9%9F%B3%E4%B9%90%E5%A3%B3-%E9%9F%B3%E4%B9%90%E5%90%AF%E8%92%99%E6%95%99%E5%AD%A6/id1459732493
46,https://apps.apple.com/us/app/cha-guide/id1540899821
47,https://apps.apple.com/us/app/rummy-party-casual-board-game/id6473133592
48,https://apps.apple.com/us/app/bubble-spinner/id1015260844
49,https://apps.apple.com/us/app/kalani-falcons-athletics/id1643917132
50,https://apps.apple.com/us/app/jlspay-mobile/id1519130429
51,https://apps.apple.com/us/app/%E6%B3%B0%E5%B7%9E%E9%80%9A/id1522123117
52,https://apps.apple.com/us/app/romance-alchemy/id1076163173
53,https://apps.apple.com/us/app/learn-bahasa-indonesian/id741344936
54,https://apps.apple.com/us/app/blind-spot-3d/id1523268431
55,https://apps.apple.com/us/app/encompass-grain-rail-coop/id1568911583
56,https://apps.apple.com/us/app/storyn/id6469327754
57,https://apps.apple.com/us/app/lechz%C3%BCrs2go/id1599549720
58,https://apps.apple.com/us/app/solary/id1517004737
59,https://apps.apple.com/us/app/bouncy-smash/id1052650381
60,https://apps.apple.com/us/app/klingspor/id1582679915
61,https://apps.apple.com/us/app/warriors-weekend/id1323165570
62,https://apps.apple.com/us/app/safey/id6443466952
63,https://apps.apple.com/us/app/iwarehouse-world-tour/id337502795
64,https://apps.apple.com/us/app/studiotax-2022/id1669904754
65,https://apps.apple.com/us/app/dagr8fmlatino/id1550643582
66,https://apps.apple.com/us/app/ferroli/id1450344635
67,https://apps.apple.com/us/app/one-stop-barber-shop/id1612830501
68,https://apps.apple.com/us/app/sms-auguri/id580797256
69,https://apps.apple.com/us/app/builterra-pro/id6449261977
70,https://apps.apple.com/us/app/icma-conference/id1639894894
71,https://apps.apple.com/us/app/stock-market-kings/id1618162738
72,https://apps.apple.com/us/app/gfa-fcu-bolt-member-benefits/id1502455915
73,https://apps.apple.com/us/app/%D9%84%D8%B9%D8%A8%D8%A9-%D8%B5%D8%A7%D9%84%D9%88%D9%86-%D8%AA%D9%84%D9%88%D9%8A%D9%86-%D8%A7%D9%84%D8%A7%D8%B8%D8%A7%D9%81%D8%B1-%D8%AA%D9%84%D8%A8%D9%8A%D8%B3-%D8%A7%D9%84%D8%A7%D9%85%D9%8A%D8%B1%D8%A7%D8%AA-%D9%88%D9%85%D9%83%D9%8A%D8%A7%D8%AC/id1227384143
74,https://apps.apple.com/us/app/plusdin/id6443685698
75,https://apps.apple.com/us/app/stories-studio/id6450711506
76,https://apps.apple.com/us/app/bms-meta/id1619258052
77,https://apps.apple.com/us/app/vraicop/id6450959115
78,https://apps.apple.com/us/app/wind-chill-wind-speed/id372283970
79,https://apps.apple.com/us/app/the-battle-castle/id1535635711
80,https://apps.apple.com/us/app/col%C3%A9gio-do-carmo/id1618045323
81,https://apps.apple.com/us/app/flowdit/id1663681774
82,https://apps.apple.com/us/app/easy-stopwatch-with-laps/id1436474811
83,https://apps.apple.com/us/app/sysco-shop/id1374586010
84,https://apps.apple.com/us/app/light-water/id1576151953
85,https://apps.apple.com/us/app/vendor-center/id1580382501
86,https://apps.apple.com/us/app/sloper/id6475353600
87,https://apps.apple.com/us/app/verify-by-tiller/id1645063264
88,https://apps.apple.com/us/app/stryker-me/id1189170620
89,https://apps.apple.com/us/app/acs-mobile/id1195836035
90,https://apps.apple.com/us/app/classride-driver/id1554446826
91,https://apps.apple.com/us/app/jewel-pop-puzzle-match-3-king/id1288392385
92,https://apps.apple.com/us/app/quick-scan-simple-tool/id6445832247
93,https://apps.apple.com/us/app/atrmini-jogos-de-matem%C3%A1tica/id1116981341
94,https://apps.apple.com/us/app/magra-para-sempre/id1632968785
95,https://apps.apple.com/us/app/mindi-for-safari/id1617041643
96,https://apps.apple.com/us/app/goodfood-user/id1597935688
97,https://apps.apple.com/us/app/dutchlock-adhesives/id6456452423
98,https://apps.apple.com/us/app/coin-picker-tambola/id1473394620
99,https://apps.apple.com/us/app/lepop/id1512075729
100,https://apps.apple.com/us/app/didatikos/id1618499861
101,https://apps.apple.com/us/app/do-not-speed/id1013077345
102,https://apps.apple.com/us/app/ezkeys-co/id1558045430
103,https://apps.apple.com/us/app/sky-pig/id540327026
104,https://apps.apple.com/us/app/allflex-smart-list/id1106877054
105,https://apps.apple.com/us/app/burger-now/id1472778485
106,https://apps.apple.com/us/app/%C3%B8rland-mobilbank/id1566086595
107,https://apps.apple.com/us/app/radio-mantova/id1468872548
108,https://apps.apple.com/us/app/instarav/id1478410613
109,https://apps.apple.com/us/app/smile-com-au-dental-cover/id1569765233
110,https://apps.apple.com/us/app/assumed-secure/id6471265516
111,https://apps.apple.com/us/app/goss-predict-to-win/id1498219571
112,https://apps.apple.com/us/app/battlefront-z/id1350575047
113,https://apps.apple.com/us/app/to-my-coach/id1618966745
114,https://apps.apple.com/us/app/geocal/id1535705399
115,https://apps.apple.com/us/app/wfo-radio-nhra-nascar-podcast/id353858713
116,https://apps.apple.com/us/app/%E8%A7%86%E9%A2%91%E5%89%AA%E8%BE%91%E7%8C%AB-%E6%89%8B%E6%9C%BA%E8%A7%86%E9%A2%91%E5%89%AA%E8%BE%91%E7%A5%9E%E5%99%A8-vlog%E5%88%B6%E4%BD%9C/id1498739123
117,https://apps.apple.com/us/app/kentsel-y%C3%B6netim/id1391063365
118,https://apps.apple.com/us/app/agile-planning-poker/id1597305065
119,https://apps.apple.com/us/app/monkey-flight-2/id843270533
120,https://apps.apple.com/us/app/shapely-workouts-fitness/id6444711129
121,https://apps.apple.com/us/app/reelfun-short-drama/id6468933455
122,https://apps.apple.com/us/app/ctbids/id6467594552
123,https://apps.apple.com/us/app/media-%E6%99%BA%E8%83%BD%E8%A7%86%E9%A2%91%E6%92%AD%E6%94%BE%E5%99%A8/id6448186459
124,https://apps.apple.com/us/app/excel-assist-study-with-ai/id6471330793
125,https://apps.apple.com/us/app/iseas-yusof-ishak-institute/id1519478938
126,https://apps.apple.com/us/app/la-castellana/id1611680365
127,https://apps.apple.com/us/app/4keaps/id1594170585
128,https://apps.apple.com/us/app/iuro-oncology/id545656464
129,https://apps.apple.com/us/app/skate-space/id1466582074
130,https://apps.apple.com/us/app/blazot/id1605417377
131,https://apps.apple.com/us/app/warship-saga-%E6%B5%B7%E6%88%B01942/id1138275673
132,https://apps.apple.com/us/app/oboe-fingering-tuning/id1490174276
133,https://apps.apple.com/us/app/primefigure/id1177894741
134,https://apps.apple.com/us/app/italvolley-pallavolo-italia/id1491781730
135,https://apps.apple.com/us/app/dirtbuster/id736703889
136,https://apps.apple.com/us/app/%E3%83%94%E3%83%A5%E3%82%A2%E3%83%8B%E3%82%B9%E3%82%BF-%E5%A4%A7%E4%BA%BA%E3%82%82%E6%A5%BD%E3%81%97%E3%82%81%E3%82%8B%E3%82%A2%E3%83%90%E3%82%BF%E3%83%BC%E3%81%8D%E3%81%9B%E3%81%8B%E3%81%88%E3%82%A2%E3%83%97%E3%83%AA/id1505992057
137,https://apps.apple.com/us/app/%E8%AF%BB%E7%A0%94%E7%BD%91-%E5%9C%A8%E8%81%8C%E8%AF%BB%E7%A0%94%E5%AD%A6%E4%B9%A0%E5%B9%B3%E5%8F%B0/id1659601056
138,https://apps.apple.com/us/app/beerboard-mobile/id614659152
139,https://apps.apple.com/us/app/%D0%BE-%D1%81%D1%83%D1%88%D0%B8-new/id6474873695
140,https://apps.apple.com/us/app/alrakeen/id6449944258
141,https://apps.apple.com/us/app/tiba-validation/id1130781349
142,https://apps.apple.com/us/app/%D8%A7%D8%AE%D8%AA%D8%A8%D8%A7%D8%B1-%D8%A7%D9%84%D8%BA%D8%A8%D8%A7%D8%A1-%D9%A2/id958675100
143,https://apps.apple.com/us/app/gardens-of-lake-como/id502416492
144,https://apps.apple.com/us/app/riverways-fcu/id1631455424
145,https://apps.apple.com/us/app/3dfits/id1552084626
146,https://apps.apple.com/us/app/heyheiferboutique/id1585418197
147,https://apps.apple.com/us/app/finger-trap-simulator-joke/id1171686566
148,https://apps.apple.com/us/app/datanomix/id1640547437
149,https://apps.apple.com/us/app/mping/id584383400
150,https://apps.apple.com/us/app/barridoff/id6445894519
151,https://apps.apple.com/us/app/wee-work-partners-find-jobs/id1632852486
152,https://apps.apple.com/us/app/mybrioni/id1563238931
153,https://apps.apple.com/us/app/king-of-demon/id1461699849
154,https://apps.apple.com/us/app/tdu/id491086360
155,https://apps.apple.com/us/app/aprender-a-leer-y-escribir/id847416083
156,https://apps.apple.com/us/app/sonalipay/id6450735456
157,https://apps.apple.com/us/app/blockbook/id1524431131
158,https://apps.apple.com/us/app/kanokla-mobile/id1630433681
159,https://apps.apple.com/us/app/mr-virus-onslaught-and-revolve-gametime/id1132472241
160,https://apps.apple.com/us/app/lux-life-club/id1597033058
161,https://apps.apple.com/us/app/gem2go-die-gemeinde-app/id547223237
162,https://apps.apple.com/us/app/fnp-exam-prep-2024/id6443517478
163,https://apps.apple.com/us/app/servicelink-field-force/id1519352801
164,https://apps.apple.com/us/app/jacksboro-isd/id1458728525
165,https://apps.apple.com/us/app/spirit-of-truth/id1282115652
166,https://apps.apple.com/us/app/attha-nissaya/id1565387079
167,https://apps.apple.com/us/app/sharemybaggage/id1571219687
168,https://apps.apple.com/us/app/neuralchat-ai-chatbot-app/id6448685400
169,https://apps.apple.com/us/app/akam-app/id1625149515
170,https://apps.apple.com/us/app/lokkate/id1546343210
171,https://apps.apple.com/us/app/wifi-qr-code/id1246862824
172,https://apps.apple.com/us/app/princess-phone-for-fun/id1391597679
173,https://apps.apple.com/us/app/toolbox-by-electrosteel/id1631097080
174,https://apps.apple.com/us/app/netfit/id1544722215
175,https://apps.apple.com/us/app/my-first-classical-music-app/id530616330
176,https://apps.apple.com/us/app/mzad-live/id6463001872
177,https://apps.apple.com/us/app/bodifi-wellness/id6444260940
178,https://apps.apple.com/us/app/hospital-escape-horror-story/id1565768526
179,https://apps.apple.com/us/app/zen-metronome/id1499623900
180,https://apps.apple.com/us/app/muslim-kids-islamic-quiz-vol-3-quran-risalat/id993421643
181,https://apps.apple.com/us/app/totemomobile-tre-viewer/id1140407637
182,https://apps.apple.com/us/app/esignabox/id863039031
183,https://apps.apple.com/us/app/gps-speedometer-and-odometer/id1448024273
184,https://apps.apple.com/us/app/lolc-realtime/id967117763
185,https://apps.apple.com/us/app/marker-paintball-marketplace/id1251262400
186,https://apps.apple.com/us/app/waferlock-ekey/id1332584571
187,https://apps.apple.com/us/app/wood-block-puzzle-brain-games/id1594314071
188,https://apps.apple.com/us/app/bid-2-buy/id1086225458
189,https://apps.apple.com/us/app/svg-play/id6448627305
190,https://apps.apple.com/us/app/one-night-hook-up-dating-app/id1413652526
191,https://apps.apple.com/us/app/remix-pad-beat-maker/id1435094368
192,https://apps.apple.com/us/app/instacare-ndis/id1490300086
193,https://apps.apple.com/us/app/macheye/id1542147766
194,https://apps.apple.com/us/app/cafe-network/id6470000871
195,https://apps.apple.com/us/app/mytimeverse/id6476473228
196,https://apps.apple.com/us/app/myfvsu/id1513641431
197,https://apps.apple.com/us/app/ardsley-country-club/id1455102201
198,https://apps.apple.com/us/app/ffaa-events/id1575395431
199,https://apps.apple.com/us/app/verdure/id1194135269
200,https://apps.apple.com/us/app/wiggle-soccer/id1598871912
201,https://apps.apple.com/us/app/peddler-perks/id1263443228
202,https://apps.apple.com/us/app/walker-elementary-school/id1576640473
203,https://apps.apple.com/us/app/ebakja/id6465682307
204,https://apps.apple.com/us/app/purdue-tree-doctor/id561944017
205,https://apps.apple.com/us/app/picklescores/id6468539903
206,https://apps.apple.com/us/app/onsite-we-plan-you-enjoy/id1659976501
207,https://apps.apple.com/us/app/ocean-express-westlake/id1538112912
208,https://apps.apple.com/us/app/big-10-central/id1421102712
209,https://apps.apple.com/us/app/advanced-chemistry-calculator/id1638669219
210,https://apps.apple.com/us/app/tokree-online-shopping-app/id1539147337
211,https://apps.apple.com/us/app/%D1%8F-%D0%B6%D0%B5%D0%BD%D1%89%D0%B8%D0%BD%D0%B0-%D0%B6%D0%B5%D0%BD%D1%81%D0%BA%D0%B8%D0%B9-%D0%BA%D0%B0%D0%BB%D0%B5%D0%BD%D0%B4%D0%B0%D1%80%D1%8C-%D0%BC%D0%B5%D0%BD%D1%81%D1%82%D1%80%D1%83%D0%B0%D1%86%D0%B8%D0%B9-lite/id1110842994
212,https://apps.apple.com/us/app/aesthetics-medicine-research/id6461522335
213,https://apps.apple.com/us/app/ti%E1%BA%BFp-th%E1%BB%8B-gia-%C4%91%C3%ACnh-magazine/id424540905
214,https://apps.apple.com/us/app/wiplus-manager/id6473114430
215,https://apps.apple.com/us/app/notepin/id1163586731
216,https://apps.apple.com/us/app/kolorhub-color-palette-studio/id6463306487
217,https://apps.apple.com/us/app/country-103-1-yuba-sutter/id917311887
218,https://apps.apple.com/us/app/aswb-social-work-exam-prep/id1619751388
219,https://apps.apple.com/us/app/whole-foods-market/id320029256
220,https://apps.apple.com/us/app/anaphora/id974110407
221,https://apps.apple.com/us/app/pirate-sea-of-storms/id1624065591
222,https://apps.apple.com/us/app/start-with-simple-habit/id1643185568
223,https://apps.apple.com/us/app/kids-trip-adventures/id1566691151
224,https://apps.apple.com/us/app/miles-xxi-stryker-atgm/id935756251
225,https://apps.apple.com/us/app/line-one-hair/id1633929039
226,https://apps.apple.com/us/app/sogecash-net-sg/id673069556
227,https://apps.apple.com/us/app/discover-the-card-trick/id1342780961
228,https://apps.apple.com/us/app/sitewise/id368158217
229,https://apps.apple.com/us/app/myeclinic-virtual-healthcare/id1541722759
230,https://apps.apple.com/us/app/%D8%B4%D8%A7%D8%AA-%D8%A8%D9%88%D8%AA-%D9%84%D8%AA%D9%81%D8%B3%D9%8A%D8%B1-%D8%A7%D9%84%D8%A7%D8%AD%D9%84%D8%A7%D9%85/id1328868599
231,https://apps.apple.com/us/app/%D8%AF%D9%84%D9%8A%D9%84-%D8%AC%D8%AF%D8%A9-%D8%A7%D9%84%D8%B4%D8%A7%D9%85%D9%84/id1296632880
232,https://apps.apple.com/us/app/radio-ayp-efesios-220/id1542452569
233,https://apps.apple.com/us/app/fun-jungle-animals-puzzles-and-stickers-for-kids/id1241245882
234,https://apps.apple.com/us/app/%EC%9D%B8%EC%A6%9D%EC%9E%90-unlock/id6446390337
235,https://apps.apple.com/us/app/property-match-rental-search/id949291272
236,https://apps.apple.com/us/app/95-1-ksky-black-hills-rock/id668614934
237,https://apps.apple.com/us/app/flex-98-radio/id1458923654
238,https://apps.apple.com/us/app/qr-k%C3%BCt%C3%BCphane/id1411985385
239,https://apps.apple.com/us/app/sqella-%D8%B3%D9%83%D9%84%D8%A9/id6476258092
240,https://apps.apple.com/us/app/mydwihn/id1642577658
241,https://apps.apple.com/us/app/marketspace-mobile/id1483946929
242,https://apps.apple.com/us/app/amg-asymmetric-members-group/id1602961042
243,https://apps.apple.com/us/app/tevolve/id1456246968
244,https://apps.apple.com/us/app/vuemo/id1490210590
245,https://apps.apple.com/us/app/hosanna-radio/id1446225371
246,https://apps.apple.com/us/app/%E5%B0%8F%E6%A3%AE%E7%81%B5-%E6%A3%AE%E6%9E%97%E5%90%88%E6%88%90%E5%AE%B6/id1596206011
247,https://apps.apple.com/us/app/gm-smart/id1639882860
248,https://apps.apple.com/us/app/tcp-resounding-earth/id576004160
249,https://apps.apple.com/us/app/punjabi-stories-punjabicharm/id1671034922
250,https://apps.apple.com/us/app/mucapp-m%C3%B3vil/id988067007
251,https://apps.apple.com/us/app/credit-hut-services-inc/id6445902636
252,https://apps.apple.com/us/app/black-car-fund/id1203384899
253,https://apps.apple.com/us/app/eastbrook-church/id960102328
254,https://apps.apple.com/us/app/x-ray-wow/id692079859
255,https://apps.apple.com/us/app/qsirch/id1234168970
256,https://apps.apple.com/us/app/math-practice-by-w%C3%A4rn/id1466791801
257,https://apps.apple.com/us/app/washstop/id1541187150
258,https://apps.apple.com/us/app/oolife/id1612421271
259,https://apps.apple.com/us/app/red-canoe-card-compass/id1434107076
260,https://apps.apple.com/us/app/wcjb-tv20-news/id1252110001
261,https://apps.apple.com/us/app/1-to-50-race/id1447751286
262,https://apps.apple.com/us/app/mnuac/id1516082015
263,https://apps.apple.com/us/app/finleys-grill-and-smokehouse/id1540901845
264,https://apps.apple.com/us/app/mimi-care/id6471914173
265,https://apps.apple.com/us/app/number-quiz-lite-tantrumapps/id338537611
266,https://apps.apple.com/us/app/brightwood-golf-country-club/id1611030834
267,https://apps.apple.com/us/app/cobra-mobile-center/id1443577765
268,https://apps.apple.com/us/app/nei-meetings/id1661798065
269,https://apps.apple.com/us/app/tower-defense-king-of-legend/id1559832738
270,https://apps.apple.com/us/app/al-hamra-oasis-village/id1539405646
271,https://apps.apple.com/us/app/adventure-foursquare-church/id6447327264
272,https://apps.apple.com/us/app/cloudlabs-acetic-acid-synth/id1596516053
273,https://apps.apple.com/us/app/eating-masters/id6444675030
274,https://apps.apple.com/us/app/st-square-radio/id1603422067
275,https://apps.apple.com/us/app/%E5%B0%8F%E5%AD%A6%E6%96%87%E8%A8%80%E6%96%87%E5%90%AF%E8%92%99/id1324405653
276,https://apps.apple.com/us/app/village-hotels/id1466478692
277,https://apps.apple.com/us/app/first-baptist-van-buren/id6444068278
278,https://apps.apple.com/us/app/photo-clean-swipe-and-swipe/id1554888835
279,https://apps.apple.com/us/app/sports-runner/id1562469396
280,https://apps.apple.com/us/app/mini-pxt-lite/id880914537
281,https://apps.apple.com/us/app/%E9%BB%84%E6%B2%B3%E7%A5%A8%E5%8A%A1/id1546314203
282,https://apps.apple.com/us/app/mbtc-mobile-banking/id1413055619
283,https://apps.apple.com/us/app/chop-chop-kitchen/id1603443712
284,https://apps.apple.com/us/app/esh-sefer-hahinuch-%D7%90%D7%A9-%D7%94%D7%97%D7%99%D7%A0%D7%95%D7%9A/id1117256066
285,https://apps.apple.com/us/app/tvs-helper/id6443726511
286,https://apps.apple.com/us/app/ai-translation-pro-simple-fast/id6473019012
287,https://apps.apple.com/us/app/rise-pies-%D8%B1%D8%A7%D9%8A%D8%B3-%D8%A8%D8%A7%D9%8A%D8%B3/id1632195729
288,https://apps.apple.com/us/app/%D8%B5%D8%AD%D9%8A%D9%81%D8%A9-%D8%A7%D9%84%D8%A8%D9%84%D8%A7%D8%AF/id1332489153
289,https://apps.apple.com/us/app/servifacil/id1188267192
290,https://apps.apple.com/us/app/anymorse-morse-code-tool/id6448814415
291,https://apps.apple.com/us/app/gunpowder/id868195525
292,https://apps.apple.com/us/app/%E5%AD%95%E6%9C%9F%E6%97%A5%E5%8E%86-%E4%B8%8D%E9%94%99%E8%BF%87%E6%AF%8F%E4%B8%80%E6%AC%A1%E4%BA%A7%E6%A3%80/id1568281024
293,https://apps.apple.com/us/app/pcg-events/id1458128170
294,https://apps.apple.com/us/app/spy-tools-for-kids/id549990577
295,https://apps.apple.com/us/app/point-of-light-church/id1250963331
296,https://apps.apple.com/us/app/speldosa/id6446171628
297,https://apps.apple.com/us/app/rosterr/id1575544705
298,https://apps.apple.com/us/app/circulo-militar-ecuador/id6443661667
299,https://apps.apple.com/us/app/desh/id1027687705
300,https://apps.apple.com/us/app/metal-pay-buy-sell-crypto/id1345101178
301,https://apps.apple.com/us/app/indochine-cuisine/id1067021327
302,https://apps.apple.com/us/app/la-potosina-taco-express-app/id6449626648
303,https://apps.apple.com/us/app/prevost-service-locator/id443371117
304,https://apps.apple.com/us/app/%D8%A7%D9%84%D8%A7%D9%85%D9%8A%D8%B1%D8%A9-%D8%A7%D9%84%D8%B9%D8%A7%D8%A8-%D8%A8%D9%86%D8%A7%D8%AA-%D8%A7%D8%B7%D9%81%D8%A7%D9%84-%D8%B0%D9%83%D8%A7%D8%A1/id1390635046
305,https://apps.apple.com/us/app/ar-lense/id6453072455
306,https://apps.apple.com/us/app/yuliv/id6467082848
307,https://apps.apple.com/us/app/taxi-more/id1566328910
308,https://apps.apple.com/us/app/the-agency-coastal/id6448493377
309,https://apps.apple.com/us/app/europathek/id1301160760
310,https://apps.apple.com/us/app/snb-business-banking/id1144183412
311,https://apps.apple.com/us/app/artus/id1565802482
312,https://apps.apple.com/us/app/ink-detroit/id1563008422
313,https://apps.apple.com/us/app/modzee/id1505619196
314,https://apps.apple.com/us/app/ac-camera/id1130134167
315,https://apps.apple.com/us/app/ma-solat/id1602041656
316,https://apps.apple.com/us/app/%E9%9A%8F%E6%89%8B%E8%AE%B0-%E9%A2%86%E5%85%88%E7%89%88-%E8%AE%B0%E8%B4%A6%E7%90%86%E8%B4%A2%E5%BF%85%E5%A4%87%E5%B7%A5%E5%85%B7/id1035572222
317,https://apps.apple.com/us/app/1630-kcjj/id1662156598
318,https://apps.apple.com/us/app/petit-notes-v2/id6463742609
319,https://apps.apple.com/us/app/q6/id1513846867
320,https://apps.apple.com/us/app/stencil-of-the-month-club/id1608414201
321,https://apps.apple.com/us/app/cpkeyboard-fast-paste-tool/id1593355509
322,https://apps.apple.com/us/app/krooz-driver/id1125291640
323,https://apps.apple.com/us/app/alpha-soldier-shoot-and-run/id1478589337
324,https://apps.apple.com/us/app/nettv5-mobile/id1059284202
325,https://apps.apple.com/us/app/membres%C3%ADas-il-padrino/id1659782164
326,https://apps.apple.com/us/app/jackson-vet-hospital/id1264934222
327,https://apps.apple.com/us/app/quickmarket/id6446231478
328,https://apps.apple.com/us/app/deephow-capture/id6447629287
329,https://apps.apple.com/us/app/barterro/id1514557434
330,https://apps.apple.com/us/app/notes-in-contacts/id691507650
331,https://apps.apple.com/us/app/fitpod/id1164540907
332,https://apps.apple.com/us/app/app-aluno/id1592314523
333,https://apps.apple.com/us/app/mi-liberty/id1466709938
334,https://apps.apple.com/us/app/feelworldlive/id1610085501
335,https://apps.apple.com/us/app/%E6%96%B0%E6%A6%82%E5%BF%B5%E8%8B%B1%E8%AF%AD%E7%AC%AC%E4%BA%8C%E5%86%8C-%E8%B6%85%E7%BA%A7%E6%9C%89%E8%B6%A3%E7%9A%84%E8%8B%B1%E8%AF%AD%E4%BD%9C%E4%B8%9A%E5%B8%AE/id1323713184
336,https://apps.apple.com/us/app/lets-cook-recipes-app/id1528937655
337,https://apps.apple.com/us/app/plinko-king/id1606399922
338,https://apps.apple.com/us/app/gep-leitor-de-livros-digitais/id1548273865
339,https://apps.apple.com/us/app/1001-ultimate-mahjong/id476284310
340,https://apps.apple.com/us/app/domino-adventure/id6474456733
341,https://apps.apple.com/us/app/%D9%85%D8%A7%D8%B1%D8%B4%D8%A7%D9%84-%D9%86%D9%8A%D9%88%D8%B2/id1625828926
342,https://apps.apple.com/us/app/fix-the-logo/id1553259667
343,https://apps.apple.com/us/app/villa-bell/id1247069211
344,https://apps.apple.com/us/app/simple-discounts/id1499290784
345,https://apps.apple.com/us/app/%E9%83%91%E5%B7%9E%E5%9C%B0%E9%93%81%E9%80%9A-%E9%83%91%E5%B7%9E%E5%9C%B0%E9%93%81%E5%85%AC%E4%BA%A4%E5%87%BA%E8%A1%8C%E5%AF%BC%E8%88%AA%E8%B7%AF%E7%BA%BF%E6%9F%A5%E8%AF%A2app/id1363459170
346,https://apps.apple.com/us/app/%E7%94%9F%E5%91%BD%E7%B2%AE%E4%BB%93/id1378184838
347,https://apps.apple.com/us/app/frigo-loco/id1590303134
348,https://apps.apple.com/us/app/william-penn-bank-business/id1490111851
349,https://apps.apple.com/us/app/bri-mobile-cobra-direct-bill/id1434911433
350,https://apps.apple.com/us/app/mental-math-learning/id1546545027
351,https://apps.apple.com/us/app/shopping-spree-delivery/id1579508882
352,https://apps.apple.com/us/app/city-of-lights/id1643815595
353,https://apps.apple.com/us/app/integra-tuner/id6446121515
354,https://apps.apple.com/us/app/kuyy/id1568995491
355,https://apps.apple.com/us/app/radian-rule/id1487263442
356,https://apps.apple.com/us/app/tarjeta-mi-carrefour/id1488627762
357,https://apps.apple.com/us/app/helloway/id681636238
358,https://apps.apple.com/us/app/%E9%A6%99%E6%B8%AF%E6%B3%8A%E8%BB%8A%E5%92%AA%E9%8C%B6-hk-parking-hkmeter/id889807971
359,https://apps.apple.com/us/app/typeu/id1641564536
360,https://apps.apple.com/us/app/muktalf-%D9%85%D8%AE%D8%AA%D9%84%D9%81/id1635118196
361,https://apps.apple.com/us/app/patientopia/id6450203537
362,https://apps.apple.com/us/app/music-cart/id1505725350
363,https://apps.apple.com/us/app/pivotal-health/id1582527157
364,https://apps.apple.com/us/app/babas-famous-naperville/id6474460855
365,https://apps.apple.com/us/app/grace-bible-church-roseville/id1617186003
366,https://apps.apple.com/us/app/northstarvip/id1612692983
367,https://apps.apple.com/us/app/motivationcheck-training/id6472646846
368,https://apps.apple.com/us/app/rezti/id1530569228
369,https://apps.apple.com/us/app/np-social/id6444811092
370,https://apps.apple.com/us/app/insulators-local-19/id1663597381
371,https://apps.apple.com/us/app/royale-club/id1487960259
372,https://apps.apple.com/us/app/tones-of-melanin/id6472076632
373,https://apps.apple.com/us/app/rozetka-%D0%BC%D0%B0%D1%80%D0%BA%D0%B5%D1%82%D0%BF%D0%BB%D0%B5%D0%B9%D1%81/id1492102651
374,https://apps.apple.com/us/app/icherishtime/id1497846378
375,https://apps.apple.com/us/app/stir-single-parent-dating/id1576261708
376,https://apps.apple.com/us/app/kid-dj/id987292107
377,https://apps.apple.com/us/app/tsic-regn/id1616345403
378,https://apps.apple.com/us/app/livraria-centen%C3%A1ria/id1551388837
379,https://apps.apple.com/us/app/uplift/id1277325019
380,https://apps.apple.com/us/app/business-credit/id1311613474
381,https://apps.apple.com/us/app/microwave-2/id1619693815
382,https://apps.apple.com/us/app/verite-news/id1661703014
383,https://apps.apple.com/us/app/history-heroes-ai/id6468968141
384,https://apps.apple.com/us/app/bubbles-wash/id6464167878
385,https://apps.apple.com/us/app/err-news/id1129277666
386,https://apps.apple.com/us/app/%D9%85%D8%AC%D9%84%D8%B3-%D8%A7%D9%84%D8%A3%D9%85%D8%A9-%D8%A7%D9%84%D9%83%D9%88%D9%8A%D8%AA%D9%8A-kna/id1434294051
387,https://apps.apple.com/us/app/ai-photo-photo-studio-style/id6457209486
388,https://apps.apple.com/us/app/virtual-cat-pet-games/id1643096017
389,https://apps.apple.com/us/app/dealerrater-for-dealers/id1090453090
390,https://apps.apple.com/us/app/singer-station-pro/id1443821187
391,https://apps.apple.com/us/app/death-well-demolition-derby-stunt-car-crash-test/id1249975781
392,https://apps.apple.com/us/app/frosty-snowman-toss/id1543124247
393,https://apps.apple.com/us/app/bujachat/id1450705085
394,https://apps.apple.com/us/app/sigma-geofor/id1673506472
395,https://apps.apple.com/us/app/hlk-dio16/id1444494500
396,https://apps.apple.com/us/app/il-tirreno/id394878839
397,https://apps.apple.com/us/app/invearn/id6474125659
398,https://apps.apple.com/us/app/touchpay-child-support/id1549714675
399,https://apps.apple.com/us/app/hockey-scores-app/id1170969806
400,https://apps.apple.com/us/app/qualnote/id1640227388
401,https://apps.apple.com/us/app/o2-breathing-exercises/id1528904471
402,https://apps.apple.com/us/app/vr-samurai/id1104970768
403,https://apps.apple.com/us/app/4k-wallpaper-backgrounds/id1585775083
404,https://apps.apple.com/us/app/social-owl/id1566127283
405,https://apps.apple.com/us/app/zuda-yoga-roseville/id1298688463
406,https://apps.apple.com/us/app/go-wild-with-ranger-rick/id1482318945
407,https://apps.apple.com/us/app/open-road-rewards/id500320580
408,https://apps.apple.com/us/app/miniature-worlds/id1520337527
409,https://apps.apple.com/us/app/saphi-home/id1559334489
410,https://apps.apple.com/us/app/fabstation-steel/id1520430055
411,https://apps.apple.com/us/app/lago-club/id1530540580
412,https://apps.apple.com/us/app/mulley-score-golf-gear/id6443681232
413,https://apps.apple.com/us/app/everyday-spelunker-ad-ver/id1131950223
414,https://apps.apple.com/us/app/%E5%9D%AA%E5%B8%96calc-%E5%B9%B3%E6%96%B9%E3%83%A1%E3%83%BC%E3%83%88%E3%83%AB-%E5%9D%AA-%E5%B8%96%E3%82%92%E8%87%AA%E5%9C%A8%E3%81%AB%E5%A4%89%E6%8F%9B/id1498314575
415,https://apps.apple.com/us/app/green-card/id1102801091
416,https://apps.apple.com/us/app/mindlogger/id1299242097
417,https://apps.apple.com/us/app/mygga/id6443940270
418,https://apps.apple.com/us/app/masigo-viewer-worldwide/id1596050780
419,https://apps.apple.com/us/app/srt-int/id1600503406
420,https://apps.apple.com/us/app/chelsea-savings-victor-state/id1524047066
421,https://apps.apple.com/us/app/maya/id1558864864
422,https://apps.apple.com/us/app/clintons-car-wash/id1462773449
423,https://apps.apple.com/us/app/elements-flashcards/id1025117916
424,https://apps.apple.com/us/app/hairbar-natural-hair-salon/id1609048577
425,https://apps.apple.com/us/app/ai-buddha/id6466132249
426,https://apps.apple.com/us/app/acel-qrcode-reader/id1157884197
427,https://apps.apple.com/us/app/accountmanager-mobile/id1194621241
428,https://apps.apple.com/us/app/oware-by-kwabi-games/id6443623137
429,https://apps.apple.com/us/app/untax/id1590269962
430,https://apps.apple.com/us/app/purple-carrot/id6444125328
431,https://apps.apple.com/us/app/see-how-they-see/id6463806275
432,https://apps.apple.com/us/app/stylu/id1095638353
433,https://apps.apple.com/us/app/iqueen/id1511313693
434,https://apps.apple.com/us/app/inventory-transfer/id818686578
435,https://apps.apple.com/us/app/daan-go/id1631896542
436,https://apps.apple.com/us/app/north-coast-electric-mobile/id1536005052
437,https://apps.apple.com/us/app/vdone/id1673506553
438,https://apps.apple.com/us/app/%D8%AA%D8%B9%D9%84%D9%85-%D8%A7%D9%84%D9%84%D8%BA%D8%A9-%D8%A7%D9%84%D8%A7%D9%84%D9%85%D8%A7%D9%86%D9%8A%D8%A9-%D9%83%D9%84%D9%85%D8%A9-%D8%AC%D9%85%D9%84%D8%A9/id1453336402
439,https://apps.apple.com/us/app/mybizsfnbmobile/id1549046370
440,https://apps.apple.com/us/app/peppers-mexican-restaurant/id1275175144
441,https://apps.apple.com/us/app/little-fish-ca/id6474207513
442,https://apps.apple.com/us/app/tgc-radio-mobile/id1527464633
443,https://apps.apple.com/us/app/tenaciti-renting-made-easy/id1441596847
444,https://apps.apple.com/us/app/abc-magnetic-alphabet-4-iphone/id633106363
445,https://apps.apple.com/us/app/goat-market/id6476874296
446,https://apps.apple.com/us/app/360-fit/id1585038379
447,https://apps.apple.com/us/app/%E6%B3%95%E5%AE%A3%E5%9C%A8%E7%BA%BF/id1050402874
448,https://apps.apple.com/us/app/dr-eye-plus/id1437473659
449,https://apps.apple.com/us/app/idle-clan/id1571982086
450,https://apps.apple.com/us/app/%E6%B3%95%E5%AD%A6%E9%99%A2/id1435026930
451,https://apps.apple.com/us/app/dieta-low-carb-lista-alimentos-con-pocos-carbohidratos/id1001177057
452,https://apps.apple.com/us/app/marianna-health-and-wellness/id1617878753
453,https://apps.apple.com/us/app/mobile-knee-prayer-list/id1562936324
454,https://apps.apple.com/us/app/raccoon-hunting-calls-with-bluetooth-ad-free/id1117840904
455,https://apps.apple.com/us/app/digcheck-pro/id979545316
456,https://apps.apple.com/us/app/truco-pocket-truco-online/id1407294341
457,https://apps.apple.com/us/app/k-calendar/id1486057424
458,https://apps.apple.com/us/app/blackwood-car-wash/id1582786835
459,https://apps.apple.com/us/app/ecode-search/id576872284
460,https://apps.apple.com/us/app/the-dothraki-translator/id1333702226
461,https://apps.apple.com/us/app/%E6%88%90%E9%83%BD%E5%9C%B0%E9%93%81-%E6%8E%8C%E4%B8%8A%E5%9C%B0%E9%93%81%E6%8D%A2%E4%B9%98%E8%B7%AF%E7%BA%BF%E6%9F%A5%E8%AF%A2/id1474030758
462,https://apps.apple.com/us/app/dustin-white-realty/id6473851892
463,https://apps.apple.com/us/app/penguentepe/id1315437238
464,https://apps.apple.com/us/app/feedsheep-app/id6445966366
465,https://apps.apple.com/us/app/hd-wallpapers-backgrounds/id1244419985
466,https://apps.apple.com/us/app/scanner-pdf-documents/id1482246975
467,https://apps.apple.com/us/app/eatfity/id6450825366
468,https://apps.apple.com/us/app/north-dakota-driving-test/id990506612
469,https://apps.apple.com/us/app/lmk-anonymous-polls/id1465092216
470,https://apps.apple.com/us/app/motwm-live-app/id6449609275
471,https://apps.apple.com/us/app/%D1%81%D0%B8%D0%BC%D1%83%D0%BB%D1%8F%D1%82%D0%BE%D1%80-%D1%80%D0%B5%D0%B0%D0%BB-%D0%B1%D0%B0%D1%80%D0%B0%D0%B1%D0%B0%D0%BD/id1059968440
472,https://apps.apple.com/us/app/kardia-smart/id1514095070
473,https://apps.apple.com/us/app/printcheck-media/id1542145202
474,https://apps.apple.com/us/app/digital-library/id1524758532
475,https://apps.apple.com/us/app/unicorn-baby-pet-vet-care-game/id1641771047
476,https://apps.apple.com/us/app/dnc-scrubber/id1568342380
477,https://apps.apple.com/us/app/springfield-catholic-hs/id642910969
478,https://apps.apple.com/us/app/memberplanet/id748557891
479,https://apps.apple.com/us/app/nevtis-voip/id6444210582
480,https://apps.apple.com/us/app/jeol-ms-calculator/id1474273743
481,https://apps.apple.com/us/app/getbetter-stickers/id1252108362
482,https://apps.apple.com/us/app/acer-eremote/id970907967
483,https://apps.apple.com/us/app/toogle/id6475650423
484,https://apps.apple.com/us/app/one-click-drone-your-flight/id1517833028
485,https://apps.apple.com/us/app/super-susan/id6474621589
486,https://apps.apple.com/us/app/bay-fit/id1560784335
487,https://apps.apple.com/us/app/eyo-funny-prank-sounds-airhorn/id6462786542
488,https://apps.apple.com/us/app/the-realtors-edge/id1665264396
489,https://apps.apple.com/us/app/drivesync/id1129309900
490,https://apps.apple.com/us/app/shift-work-calendar/id1519265397
491,https://apps.apple.com/us/app/everything-after/id6444011394
492,https://apps.apple.com/us/app/gourmet-place/id1497245868
493,https://apps.apple.com/us/app/ar-gravity/id1546699976
494,https://apps.apple.com/us/app/%E6%A4%9C%E5%AE%9A-for-%E6%9D%B1%E4%BA%AC%E5%96%B0%E7%A8%AE-%E3%83%88%E3%83%BC%E3%82%AD%E3%83%A7%E3%83%BC%E3%82%B0%E3%83%BC%E3%83%AB/id1616357520
495,https://apps.apple.com/us/app/kviewpro/id1076208121
496,https://apps.apple.com/us/app/polytalk/id1382517308
497,https://apps.apple.com/us/app/volume-remote/id1153931801
498,https://apps.apple.com/us/app/infovote/id1535620828
499,https://apps.apple.com/us/app/%E3%82%B3%E3%83%BC%E3%83%97%E3%81%93%E3%81%86%E3%81%B9%E3%82%A2%E3%83%97%E3%83%AA/id1221161459
500,https://apps.apple.com/us/app/nextgenmedstaff/id1579204499
501,https://apps.apple.com/us/app/storynest-kids-stories-songs/id6446899129
502,https://apps.apple.com/us/app/merge-master-number-puzzle/id1563212130
503,https://apps.apple.com/us/app/%E6%8B%B1%E6%8B%B1-%E6%B9%98%E5%A4%A7%E5%8F%98%E5%BE%97%E5%A6%82%E6%AD%A4%E7%AE%80%E5%8D%95/id1321406757
504,https://apps.apple.com/us/app/%E6%96%87%E5%AD%97%E3%81%8B%E3%82%89%E9%9F%B3%E5%A3%B0%E3%81%B8/id1670284473
505,https://apps.apple.com/us/app/mens-golf-night/id1502855134
506,https://apps.apple.com/us/app/%E6%99%BA%E6%B1%80%E4%BA%91%E7%9B%98/id1593135254
507,https://apps.apple.com/us/app/base-benefits/id1443895093
508,https://apps.apple.com/us/app/poly-star-the-prince-story/id1493884795
509,https://apps.apple.com/us/app/let-exams-philippines/id985978561
510,https://apps.apple.com/us/app/south-point-grocery/id6468159386
511,https://apps.apple.com/us/app/learn-french-for-beginner/id1344846855
512,https://apps.apple.com/us/app/perdisco-learn-latin-greek/id1576823662
513,https://apps.apple.com/us/app/xep-wallet/id1568558714
514,https://apps.apple.com/us/app/mifi%E7%AE%A1%E5%AE%B6/id1401816603
515,https://apps.apple.com/us/app/arr-gold-trading/id567351702
516,https://apps.apple.com/us/app/daily-dhikr-dua-islamic-duas/id6448051130
517,https://apps.apple.com/us/app/gospel-hits-official/id1298290155
518,https://apps.apple.com/us/app/living-fit-family/id6457937962
519,https://apps.apple.com/us/app/badlands-federal-credit-union/id1598917143
520,https://apps.apple.com/us/app/toy-car-mini-racing/id1449309987
521,https://apps.apple.com/us/app/%C3%A7elebi-kuyumculuk/id6444439598
522,https://apps.apple.com/us/app/popsmartwrite/id1441265199
523,https://apps.apple.com/us/app/%E9%BE%99%E7%8C%AB%E6%8E%A2%E5%BA%97/id6443795134
524,https://apps.apple.com/us/app/price-elasticity-of-demand/id1618798064
525,https://apps.apple.com/us/app/landscape-sudoku-big-number/id6473828606
526,https://apps.apple.com/us/app/nts-moda/id1331583297
527,https://apps.apple.com/us/app/%D8%A7%D9%84%D8%B1%D8%A7%D8%A8%D8%AD/id6445913330
528,https://apps.apple.com/us/app/%E9%9B%B2%E6%B5%B7-%E7%84%A1%E9%99%90%E9%82%8A%E5%A2%83/id6443893801
529,https://apps.apple.com/us/app/safepoint-gps/id1547332458
530,https://apps.apple.com/us/app/lemonbest/id1614382849
531,https://apps.apple.com/us/app/life-health-exam-prep-q-a/id1531615844
532,https://apps.apple.com/us/app/remote-support-by-pointmedia/id1505744956
533,https://apps.apple.com/us/app/jan-horse-racing-tips/id1591617242
534,https://apps.apple.com/us/app/iprotect-album/id721103141
535,https://apps.apple.com/us/app/vecinos-felices/id1642949256
536,https://apps.apple.com/us/app/sentrient/id6450760154
537,https://apps.apple.com/us/app/prize-net/id6457254492
538,https://apps.apple.com/us/app/careerum/id1572199934
539,https://apps.apple.com/us/app/cordova-agency-online/id1525431751
540,https://apps.apple.com/us/app/orderak-delivery-man/id1597651073
541,https://apps.apple.com/us/app/actec-meeting-app/id1317856724
542,https://apps.apple.com/us/app/2nd-grade-math-worksheets-learning-games-for-pre-k/id1133051172
543,https://apps.apple.com/us/app/mega-loterias/id1112416136
544,https://apps.apple.com/us/app/xil-his/id6444336763
545,https://apps.apple.com/us/app/main-street-bank-mobile/id580378230
546,https://apps.apple.com/us/app/cheezycam/id1494567419
547,https://apps.apple.com/us/app/slide-puzzle/id517511112
548,https://apps.apple.com/us/app/invu-by-nuvo/id1524609104
549,https://apps.apple.com/us/app/bridge2life/id1286905649
550,https://apps.apple.com/us/app/towne-park-vip-app/id1170017232
551,https://apps.apple.com/us/app/mercury-alert/id1556886030
552,https://apps.apple.com/us/app/virgin-radio-switzerland/id1323974399
553,https://apps.apple.com/us/app/chartway-mortgage-express/id1617881332
554,https://apps.apple.com/us/app/flagman-2-go/id1509942714
555,https://apps.apple.com/us/app/acroyoga-bristol/id6459995634
556,https://apps.apple.com/us/app/writing-ai/id6449875711
557,https://apps.apple.com/us/app/field-guide-to-tasmanian-fauna/id860372576
558,https://apps.apple.com/us/app/%E7%82%B9%E7%82%B9-%E6%99%BA%E6%85%A7%E6%A0%A1%E5%9B%AD/id1410705505
559,https://apps.apple.com/us/app/luckyou/id903731940
560,https://apps.apple.com/us/app/azyan-fashion-%D8%A7%D8%B2%D9%8A%D8%A7%D9%86-%D9%84%D9%84%D8%A7%D8%B2%D9%8A%D8%A7%D8%A1/id6451189242
561,https://apps.apple.com/us/app/iron-ridge-church/id1237749179
562,https://apps.apple.com/us/app/tubers-life-tycoon/id1218836917
563,https://apps.apple.com/us/app/ballet-music-by-delma-nicolace/id1415741830
564,https://apps.apple.com/us/app/be-utify/id1528452399
565,https://apps.apple.com/us/app/fleemo/id1528493565
566,https://apps.apple.com/us/app/crowdscan/id1477976320
567,https://apps.apple.com/us/app/zwangerschapp/id1610918851
568,https://apps.apple.com/us/app/family-life-moberly/id1396254109
569,https://apps.apple.com/us/app/93-9-mike-fm/id956739799
570,https://apps.apple.com/us/app/%E4%BA%91%E5%8D%97%E7%A8%8E%E5%8A%A1/id1421665751
571,https://apps.apple.com/us/app/%E5%A8%B1%E5%8A%A0%E7%A7%BB%E5%8A%A8%E7%82%B9%E5%8D%95/id1642248579
572,https://apps.apple.com/us/app/vibration-utilities/id1533199793
573,https://apps.apple.com/us/app/classic-rock-music/id1467461344
574,https://apps.apple.com/us/app/%D0%B4%D0%BE%D1%80%D0%B6%D0%B8-%D0%BF%D0%BE%D0%B7%D0%BD%D0%B0%D1%8F-1/id1621688567
575,https://apps.apple.com/us/app/algofame/id6461848634
576,https://apps.apple.com/us/app/amazing-jewels-star-legend/id1114711011
577,https://apps.apple.com/us/app/midland-energy-rewards/id1623205427
578,https://apps.apple.com/us/app/cumberland-regional-hs/id1022429022
579,https://apps.apple.com/us/app/aon-pocket/id1200995723
580,https://apps.apple.com/us/app/fittut/id1519419503
581,https://apps.apple.com/us/app/%E7%AE%80%E4%BD%93%E5%AD%97%E7%B9%81%E4%BD%93%E5%AD%97%E8%BD%AC%E6%8D%A2-%E7%AE%80%E4%BD%93%E4%B8%AD%E5%9B%BD%E5%AD%97%E4%BD%93%E9%9A%8F%E5%BF%83%E8%BD%AC%E5%8C%96/id1617044647
582,https://apps.apple.com/us/app/classical-music-box-orchestra/id1613096431
583,https://apps.apple.com/us/app/gan-sant%C3%A9/id1486804535
584,https://apps.apple.com/us/app/nenas-app-pedidos/id1511787956
585,https://apps.apple.com/us/app/reckit/id1554728178
586,https://apps.apple.com/us/app/ibma-world-of-bluegrass-2023/id1645146661
587,https://apps.apple.com/us/app/horses-coloring-book-game/id983514268
588,https://apps.apple.com/us/app/onsite-transportation-driver/id6450174191
589,https://apps.apple.com/us/app/wifi-admin-settings/id6458982549
590,https://apps.apple.com/us/app/minesweeper-mine-games/id1139958574
591,https://apps.apple.com/us/app/efmb-expert-field-medic-badge/id1097357293
592,https://apps.apple.com/us/app/fnmulticam/id1101656817
593,https://apps.apple.com/us/app/tarwiqa-%D8%AA%D8%B1%D9%88%D9%8A%D9%82%D8%A9/id1453765805
594,https://apps.apple.com/us/app/birch-bell-boutique/id1545881107
595,https://apps.apple.com/us/app/isnrv-school/id6461533598
596,https://apps.apple.com/us/app/blue-devil-network/id1436879752
597,https://apps.apple.com/us/app/gps-device-data/id445995921
598,https://apps.apple.com/us/app/%E6%99%B6%E6%A0%B8/id1559181149
599,https://apps.apple.com/us/app/thermex-ht500-set/id1492078908
600,https://apps.apple.com/us/app/101x/id329754282
601,https://apps.apple.com/us/app/kurdish-translator-by-kakas/id1521495812
602,https://apps.apple.com/us/app/macao-10k-%E6%BE%B3%E9%96%80%E5%8D%81%E5%85%AC%E9%87%8C/id1605739953
603,https://apps.apple.com/us/app/%E4%BA%91%E9%80%9F%E8%AE%A2%E5%8A%A9%E6%89%8B2-0/id1643845694
604,https://apps.apple.com/us/app/dlr-linq-powered-by-ikon/id1627042286
605,https://apps.apple.com/us/app/bquote-inspirational-quotes/id1524697585
606,https://apps.apple.com/us/app/hardens/id6443670501
607,https://apps.apple.com/us/app/fjord1/id533804931
608,https://apps.apple.com/us/app/dicc-enfermedades-infecciosas/id1372824669
609,https://apps.apple.com/us/app/zees-pizza/id1633189632
610,https://apps.apple.com/us/app/indiana-cdl-prep-test/id1668495706
611,https://apps.apple.com/us/app/event-social/id1464895700
612,https://apps.apple.com/us/app/insurance-quotes-solution/id1244242744
613,https://apps.apple.com/us/app/ap-psychology-practice-test/id1464110377
614,https://apps.apple.com/us/app/%E8%BD%A6%E8%81%94%E7%BD%91%E5%B9%B3%E5%8F%B0/id1465576912
615,https://apps.apple.com/us/app/electronics-and-communication-engineering/id1232520135
616,https://apps.apple.com/us/app/obagel-app/id6444633015
617,https://apps.apple.com/us/app/%E8%AE%BE%E8%AE%A1%E9%99%A2-%E4%B8%93%E4%B8%9A%E8%AE%BE%E8%AE%A1%E5%B8%88%E6%90%9C%E7%B4%A2%E5%B9%B3%E5%8F%B0/id1385372506
618,https://apps.apple.com/us/app/shahar-zohar/id6448880860
619,https://apps.apple.com/us/app/bahrain-prayer/id1670150435
620,https://apps.apple.com/us/app/%E3%83%9E%E3%83%A1%E3%83%A2-%E5%9C%B0%E5%9B%B3%E4%B8%8A%E3%81%A7%E3%83%A1%E3%83%A2%E3%81%A7%E3%81%8D%E3%82%8B/id1187673469
621,https://apps.apple.com/us/app/re-scriptures/id1316990140
622,https://apps.apple.com/us/app/%E9%94%BB%E7%82%BC%E5%A4%A7%E8%84%91-%E9%80%BB%E8%BE%91%E6%8E%A8%E7%90%86%E4%B8%93%E6%B3%A8%E5%8A%9B%E6%80%9D%E7%BB%B4%E8%AE%AD%E7%BB%83%E6%AF%94%E8%BE%83%E5%A4%A7%E5%B0%8F%E8%AE%A4%E7%9F%A5%E5%A4%A7%E5%85%A8/id1572626957
623,https://apps.apple.com/us/app/kidzonet/id1462294237
624,https://apps.apple.com/us/app/ar-money-scanner/id1526584896
625,https://apps.apple.com/us/app/tec-sul-play/id1581604438
626,https://apps.apple.com/us/app/ragestate/id6449552575
627,https://apps.apple.com/us/app/checkinwithyou/id1591577940
628,https://apps.apple.com/us/app/cardiology-cases/id6475354116
629,https://apps.apple.com/us/app/%E8%8E%B1%E5%95%86%E4%BC%81%E4%B8%9A%E9%93%B6%E8%A1%8C/id1176411892
630,https://apps.apple.com/us/app/%D8%A7%D9%82%D9%88%D8%A7%D9%84-%D8%A7%D9%84%D8%A5%D9%85%D8%A7%D9%85-%D8%A7%D9%84%D8%B4%D8%A7%D9%81%D8%B9%D9%8A/id1144042123
631,https://apps.apple.com/us/app/add-watermark-photos-videos/id6444306090
632,https://apps.apple.com/us/app/myutahtech/id6454091113
633,https://apps.apple.com/us/app/wild-west-law/id1502784999
634,https://apps.apple.com/us/app/hiitsquad/id1632345239
635,https://apps.apple.com/us/app/keyring-pro-btc-defi-web3/id1546824976
636,https://apps.apple.com/us/app/army-connect/id1525185520
637,https://apps.apple.com/us/app/%E7%80%9A%E4%BB%98%E9%80%9A/id1468853104
638,https://apps.apple.com/us/app/best-of-lisbonne/id1632627380
639,https://apps.apple.com/us/app/pizza-villa/id1162142461
640,https://apps.apple.com/us/app/destination-america-go/id1111281674
641,https://apps.apple.com/us/app/speak-calculator/id1111506506
642,https://apps.apple.com/us/app/radio-ambiente/id945472515
643,https://apps.apple.com/us/app/nevbahar/id1581658286
644,https://apps.apple.com/us/app/lite-98-5-cjwl-fm/id1580004558
645,https://apps.apple.com/us/app/cedars-church/id6462308650
646,https://apps.apple.com/us/app/reach-more-parents-by-weduc/id1228602867
647,https://apps.apple.com/us/app/peoples-bank-nc-mobile/id592494339
648,https://apps.apple.com/us/app/city-saver/id1370161999
649,https://apps.apple.com/us/app/%E6%88%BF%E5%AE%89%E4%B9%8B%E7%BB%8F%E7%BA%AA%E4%BA%BA-%E5%9C%B0%E4%BA%A7%E7%AE%A1%E7%90%86%E8%90%A5%E9%94%80%E5%B9%B3%E5%8F%B0/id1562983271
650,https://apps.apple.com/us/app/qgiv-mobile-virtual-terminal/id599054039
651,https://apps.apple.com/us/app/deped-wvi/id1552867976
652,https://apps.apple.com/us/app/ride-my-ride/id6445809372
653,https://apps.apple.com/us/app/novosti/id1594368655
654,https://apps.apple.com/us/app/%E6%8E%8C%E4%B8%8A%E6%AD%A6%E4%B9%89/id1460209152
655,https://apps.apple.com/us/app/brewing-calc/id867694877
656,https://apps.apple.com/us/app/genio-de-anatom%C3%ADa/id1493878107
657,https://apps.apple.com/us/app/the-mall/id1487643010
658,https://apps.apple.com/us/app/dallas-secure/id6444264303
659,https://apps.apple.com/us/app/%E8%80%B6%E9%B2%81%E4%B8%93%E5%8D%87%E6%9C%AC/id960504596
660,https://apps.apple.com/us/app/north-canton-pd/id1535962018
661,https://apps.apple.com/us/app/careem-captain/id1356111909
662,https://apps.apple.com/us/app/artio/id1511686165
663,https://apps.apple.com/us/app/kelso-c-7-school-district/id1582873376
664,https://apps.apple.com/us/app/ezapp/id1501245039
665,https://apps.apple.com/us/app/great-wall-chinese-restaurant/id6475326865
666,https://apps.apple.com/us/app/wifi-analyzer-speedtest-net/id6446925110
667,https://apps.apple.com/us/app/order-now-takeaway-delivery/id1506539485
668,https://apps.apple.com/us/app/doggi-app-de-banho-e-tosa/id1585262878
669,https://apps.apple.com/us/app/visitry-app/id1560863634
670,https://apps.apple.com/us/app/cardboard-companion/id1392875641
671,https://apps.apple.com/us/app/aws-data-analytics-exam-prep/id1604018783
672,https://apps.apple.com/us/app/tok-pisin-m-a-l/id1601981800
673,https://apps.apple.com/us/app/diet-tracker-life-fasting-16-8/id1478246349
674,https://apps.apple.com/us/app/uniq-health/id6446616898
675,https://apps.apple.com/us/app/birmingham-airport-flights/id1153823414
676,https://apps.apple.com/us/app/master-pizza-uae/id1610505354
677,https://apps.apple.com/us/app/epc-citizen-connect-staff/id1367914159
678,https://apps.apple.com/us/app/letters-io-social-game/id6444529219
679,https://apps.apple.com/us/app/1st-community-fcu/id484212278
680,https://apps.apple.com/us/app/whinny-city-pony-convention/id1458578147
681,https://apps.apple.com/us/app/halloween-drift-pumpkin-smash/id1530876761
682,https://apps.apple.com/us/app/iuniform-asu-builds-your-army-service-uniform/id566663211
683,https://apps.apple.com/us/app/sirequest/id1459399437
684,https://apps.apple.com/us/app/ah-metrics/id1578822773
685,https://apps.apple.com/us/app/perfect-colors/id6474542866
686,https://apps.apple.com/us/app/mftahi-%D9%85%D9%81%D8%AA%D8%A7%D8%AD%D9%8A/id6470202276
687,https://apps.apple.com/us/app/brushyourteeth/id1090662121
688,https://apps.apple.com/us/app/nextbooks-invoice-billing/id1516077252
689,https://apps.apple.com/us/app/rhbrasil/id1265924616
690,https://apps.apple.com/us/app/emi-calculator-emi-planners/id6466713571
691,https://apps.apple.com/us/app/openrelationship-for-couples/id6446849511
692,https://apps.apple.com/us/app/cincinnati-sites-stories/id1607335401
693,https://apps.apple.com/us/app/hiragana-picture-dictionary/id956023351
694,https://apps.apple.com/us/app/symbionat-micronutrition/id1561085394
695,https://apps.apple.com/us/app/ai%E8%80%81%E7%85%A7%E7%89%87%E4%BF%AE%E5%A4%8D-%E5%85%A8%E5%BD%B1-%E6%97%A7%E7%85%A7%E7%9B%B8%E7%89%87%E4%BF%AE%E5%A4%8D/id6471225199
696,https://apps.apple.com/us/app/queri-connect-w-celebrities/id6447883189
697,https://apps.apple.com/us/app/sensor-and-voice-alarm-clock/id804721196
698,https://apps.apple.com/us/app/aga-career-compass/id1572814877
699,https://apps.apple.com/us/app/workit-5x5-brain-workouts/id1551729886
700,https://apps.apple.com/us/app/planetario/id1397424750
701,https://apps.apple.com/us/app/rxhearing-care/id6463635728
702,https://apps.apple.com/us/app/vulcan-runner/id6443565571
703,https://apps.apple.com/us/app/gley/id1582159630
704,https://apps.apple.com/us/app/fhi/id1582836070
705,https://apps.apple.com/us/app/%D9%85%D8%AA%D8%A7%D8%A8%D8%B9%D8%A9-%D9%85%D9%88%D9%84%D8%AF%D8%AA%D9%8A/id6449153352
706,https://apps.apple.com/us/app/sarkwo/id1462867280
707,https://apps.apple.com/us/app/texplate-ai-prompt-templates/id6466298825
708,https://apps.apple.com/us/app/pinpointers-tracking/id1417263325
709,https://apps.apple.com/us/app/runasone/id1616805531
710,https://apps.apple.com/us/app/radio-universidad-fm-91-1-mhz/id1569747906
711,https://apps.apple.com/us/app/bcn-app/id6472671304
712,https://apps.apple.com/us/app/michigan-shores-club/id6463947434
713,https://apps.apple.com/us/app/ibeacam-using-ibeacon-as-a-remote-shutter/id980287125
714,https://apps.apple.com/us/app/mdv-academy/id1292310206
715,https://apps.apple.com/us/app/propelio-mobile/id1462188127
716,https://apps.apple.com/us/app/baltusrol-golf-club/id1551206840
717,https://apps.apple.com/us/app/hart-industries/id1637960769
718,https://apps.apple.com/us/app/rare-breed-athletics/id6467686364
719,https://apps.apple.com/us/app/inndex/id1457696057
720,https://apps.apple.com/us/app/the-ai-experience-voice-chat/id6446446509
721,https://apps.apple.com/us/app/dollar-squad/id1015063651
722,https://apps.apple.com/us/app/sc-federal-credit-union/id957511376
723,https://apps.apple.com/us/app/verb-expert-skill-building-practice-for-past-present/id1075641824
724,https://apps.apple.com/us/app/plushblow/id1477661527
725,https://apps.apple.com/us/app/suspensiontraining/id1507702288
726,https://apps.apple.com/us/app/tasks-in-a-box/id1078615978
727,https://apps.apple.com/us/app/the-grove-church-fl/id1342790882
728,https://apps.apple.com/us/app/vbrick-mobile/id1630811585
729,https://apps.apple.com/us/app/sports-illustrated-sportsbook/id1574496972
730,https://apps.apple.com/us/app/my-debit/id728659353
731,https://apps.apple.com/us/app/vseved-slovenija/id1670228079
732,https://apps.apple.com/us/app/%E5%B9%B3%E8%A1%8C%E5%A8%81%E5%AE%A2/id1332419850
733,https://apps.apple.com/us/app/universal-videos-converter-mp4-converter/id1208015117
734,https://apps.apple.com/us/app/fxbiz/id1571111201
735,https://apps.apple.com/us/app/asmr-apartment/id1173164733
736,https://apps.apple.com/us/app/%E5%A4%A9%E5%90%88-%E5%BB%BA%E5%B2%AD/id1601365965
737,https://apps.apple.com/us/app/fixture-calendar/id6443445844
738,https://apps.apple.com/us/app/wo-mobile/id655309280
739,https://apps.apple.com/us/app/biaffect3/id6451423106
740,https://apps.apple.com/us/app/easy-performer/id1617292282
741,https://apps.apple.com/us/app/14-sports-wfie/id1131711005
742,https://apps.apple.com/us/app/voice-recorder-with-timecodes/id1497465350
743,https://apps.apple.com/us/app/treasure-chest/id1479942967
744,https://apps.apple.com/us/app/veggi/id1631404207
745,https://apps.apple.com/us/app/iqsn-mobile/id1500763639
746,https://apps.apple.com/us/app/kanji-drill/id1027268716
747,https://apps.apple.com/us/app/unb-of-elgin-consumer-mobile/id6443661961
748,https://apps.apple.com/us/app/barrel-chest-wine-beer/id6448806484
749,https://apps.apple.com/us/app/nueva-biblia-latinoamericana/id1451413391
750,https://apps.apple.com/us/app/eyeadd-school-edition/id655836573
751,https://apps.apple.com/us/app/super-sucker-toolbox/id1164593452
752,https://apps.apple.com/us/app/e-sfera-app/id1391617097
753,https://apps.apple.com/us/app/worthingtonohio/id1538695504
754,https://apps.apple.com/us/app/right-up/id6476583436
755,https://apps.apple.com/us/app/%E7%BE%8E%E4%BD%B3%E8%B6%85%E5%B8%82/id1296651459
756,https://apps.apple.com/us/app/studio-11-style/id6471924094
757,https://apps.apple.com/us/app/%D0%BF%D0%BE%D0%B4%D1%80%D1%83%D0%B6%D0%BA%D0%B8-%D0%BB%D0%B0%D0%B7%D0%B5%D1%80%D0%BD%D0%B0%D1%8F-%D1%8D%D0%BF%D0%B8%D0%BB%D1%8F%D1%86%D0%B8%D1%8F/id1551091866
758,https://apps.apple.com/us/app/domin8/id1543648429
759,https://apps.apple.com/us/app/fun-face-swap-photo-editor-switch-faces-with-the/id1106364047
760,https://apps.apple.com/us/app/porter/id1663516602
761,https://apps.apple.com/us/app/citas-mitsui/id1437194283
762,https://apps.apple.com/us/app/precious-caseapp/id1511589541
763,https://apps.apple.com/us/app/topdoc-me/id1289624211
764,https://apps.apple.com/us/app/%E8%84%B3%E3%83%88%E3%83%AC-%E3%82%AF%E3%83%AD%E3%82%B9%E3%83%AF%E3%83%BC%E3%83%89-%E8%A8%98%E6%86%B6%E3%82%92%E5%91%BC%E3%81%B3%E8%A6%9A%E3%81%BE%E3%81%99%E5%A4%A7%E4%BA%BA%E3%81%AE%E3%83%91%E3%82%BA%E3%83%AB/id6446869069
765,https://apps.apple.com/us/app/algorhythm-instant-playlists/id6446463438
766,https://apps.apple.com/us/app/pescreativa/id6469306646
767,https://apps.apple.com/us/app/enshape/id6474455430
768,https://apps.apple.com/us/app/ohio-expo-center-state-fair/id451034184
769,https://apps.apple.com/us/app/favorexplore/id6443496848
770,https://apps.apple.com/us/app/florist-frenzy-wreath-supply/id1636024093
771,https://apps.apple.com/us/app/%E6%B1%87%E9%BC%8E%E5%9B%BD%E9%99%85/id6467357729
772,https://apps.apple.com/us/app/%D8%A8%D8%B3%D8%AA%D8%A7%D9%86-%D8%A7%D9%84%D9%88%D8%B1%D8%AF/id1575574147
773,https://apps.apple.com/us/app/ampass/id1500665467
774,https://apps.apple.com/us/app/pin-out-tower-war/id6450780170
775,https://apps.apple.com/us/app/my-info/id1529759370
776,https://apps.apple.com/us/app/kiosco-eleconomista/id491306100
777,https://apps.apple.com/us/app/%D7%9E%D7%99%D7%9C%D7%9C%D7%94/id6475339753
778,https://apps.apple.com/us/app/my-bristol-tn/id1124214931
779,https://apps.apple.com/us/app/proximal50/id1354848128
780,https://apps.apple.com/us/app/%D0%BF%D0%B8%D1%86%D1%86%D0%B5%D1%82%D0%BE%D1%80%D0%B8%D1%8F-%D0%B2%D0%B5%D0%BB%D0%B8%D0%BA%D0%B8%D0%B9-%D1%83%D1%81%D1%82%D1%8E%D0%B3/id6464297899
781,https://apps.apple.com/us/app/ews-geo-booster/id6467873555
782,https://apps.apple.com/us/app/merchscan/id832179190
783,https://apps.apple.com/us/app/fa360/id1167552115
784,https://apps.apple.com/us/app/ticketpoint/id1459215575
785,https://apps.apple.com/us/app/mlp-financepilot/id1354468599
786,https://apps.apple.com/us/app/fwb-lodge/id1614232287
787,https://apps.apple.com/us/app/tripleguard/id1449123343
788,https://apps.apple.com/us/app/%D0%B6%D0%B8%D0%B2%D0%BE%D1%82%D0%BD%D1%8B%D0%B5-%D0%B4%D0%BB%D1%8F-%D0%B4%D0%B5%D1%82%D0%B5%D0%B9-lite/id946087246
789,https://apps.apple.com/us/app/beyond-compare/id1289211741
790,https://apps.apple.com/us/app/smartending/id1620320141
791,https://apps.apple.com/us/app/noffs-strength/id815802149
792,https://apps.apple.com/us/app/photos-sliding-puzzles/id1163121094
793,https://apps.apple.com/us/app/la-grande-columbus/id1564176626
794,https://apps.apple.com/us/app/%E5%8D%8E%E5%88%9B%E4%BC%B4%E4%BD%A0%E8%A1%8C/id1438389132
795,https://apps.apple.com/us/app/%E5%8D%97%E5%9B%BD%E6%97%A9%E6%8A%A5/id1328780539
796,https://apps.apple.com/us/app/%D0%BD%D0%B0%D1%81%D1%82%D1%80%D0%BE%D0%B5%D0%BD%D0%B8%D0%B5-%D0%B5%D1%81%D1%82%D1%8C-%D1%80%D0%BE%D0%BB%D0%BB%D1%8B-%D0%BF%D0%B8%D1%86%D1%86%D0%B0/id6449744392
797,https://apps.apple.com/us/app/moneybud/id6446641971
798,https://apps.apple.com/us/app/dark-impact/id1614181842
799,https://apps.apple.com/us/app/ett-events/id1295788549
800,https://apps.apple.com/us/app/xaamga/id1605160441
801,https://apps.apple.com/us/app/thriving-gps-for-life/id6444749233
802,https://apps.apple.com/us/app/dont-drop-sato/id1447031903
803,https://apps.apple.com/us/app/izitin-discover-whats-in/id1367508178
804,https://apps.apple.com/us/app/iffr/id1321628058
805,https://apps.apple.com/us/app/laotv/id6450167595
806,https://apps.apple.com/us/app/multiplication-flash-cards-4th/id1666332416
807,https://apps.apple.com/us/app/trempealeau-mountain-golf/id1545645758
808,https://apps.apple.com/us/app/%C3%A7am-ve-sakura-%C5%9Fehir-hastanesi/id1526687199
809,https://apps.apple.com/us/app/jee-exam-preparation-2022/id1583381607
810,https://apps.apple.com/us/app/tcare/id6451197261
811,https://apps.apple.com/us/app/splis/id1603416977
812,https://apps.apple.com/us/app/la-q-buena/id1544620521
813,https://apps.apple.com/us/app/zintego/id1633262757
814,https://apps.apple.com/us/app/vkus-%D0%B4%D0%BE%D1%81%D1%82%D0%B0%D0%B2%D0%BA%D0%B0-%D1%81%D1%83%D1%88%D0%B8/id6476986127
815,https://apps.apple.com/us/app/ksc-app/id1417115202
816,https://apps.apple.com/us/app/3d-cello-tuner/id1501729735
817,https://apps.apple.com/us/app/emergency-ambulance-simulator/id1619644632
818,https://apps.apple.com/us/app/funny-english-jokes/id1523290091
819,https://apps.apple.com/us/app/run-ninja/id1225853471
820,https://apps.apple.com/us/app/ludo-game-the-dice-games/id1265425890
821,https://apps.apple.com/us/app/%D9%85%D9%86%D8%B5%D8%A9-%D9%84%D9%8A%D8%A8%D9%8A%D8%A7-%D9%84%D9%84%D8%AF%D9%8A%D9%85%D9%82%D8%B1%D8%A7%D8%B7%D9%8A%D8%A9-%D8%A7%D9%84%D8%B1%D9%82%D9%85%D9%8A%D8%A9/id6449766965
822,https://apps.apple.com/us/app/led-queue/id1367356717
823,https://apps.apple.com/us/app/mortgage-mom-radio/id1571956529
824,https://apps.apple.com/us/app/hawaii-fishing-news-magazine/id1482396924
825,https://apps.apple.com/us/app/%E5%80%92%E8%AE%A1%E6%97%B6-%E8%AE%B0%E5%BD%95%E8%BF%BD%E8%B8%AA%E9%87%8D%E8%A6%81%E6%97%A5%E7%A8%8B/id425080687
826,https://apps.apple.com/us/app/exero-vet/id1195499253
827,https://apps.apple.com/us/app/little-learners-corner/id6463397516
828,https://apps.apple.com/us/app/kashi-darshan/id6446243595
829,https://apps.apple.com/us/app/tap-for-service/id1360537768
830,https://apps.apple.com/us/app/vmoto-soco/id1605698319
831,https://apps.apple.com/us/app/mysolomons/id1030903491
832,https://apps.apple.com/us/app/money-time-wtf/id1671880966
833,https://apps.apple.com/us/app/thrive365-wellness/id1229138945
834,https://apps.apple.com/us/app/mixology-ice/id1631155259
835,https://apps.apple.com/us/app/easy-creative-rangoli-designs/id1167965487
836,https://apps.apple.com/us/app/pie-diagrams-by-imathics/id943624077
837,https://apps.apple.com/us/app/la-ponturi-si-pronosticuri/id1619215511
838,https://apps.apple.com/us/app/ingaged/id1336250099
839,https://apps.apple.com/us/app/%E5%9B%A0%E5%AD%90%E4%B9%8B%E7%BE%8E-%E6%A6%82%E5%BF%B5%E8%BF%90%E7%94%A8%E7%AB%9E%E8%B5%9B/id6475667858
840,https://apps.apple.com/us/app/amed-butcher/id6469588851
841,https://apps.apple.com/us/app/medict/id1607655901
842,https://apps.apple.com/us/app/croatian-learn-for-beginners/id1641737478
843,https://apps.apple.com/us/app/fabfitfun-beauty-fashion/id1228807202
844,https://apps.apple.com/us/app/lucky-eleven/id6471765875
845,https://apps.apple.com/us/app/torus-puzzle/id6457926081
846,https://apps.apple.com/us/app/wutt-hmone/id1603388483
847,https://apps.apple.com/us/app/campus-usa-credit-union/id1113007184
848,https://apps.apple.com/us/app/tnecho-2/id1464238178
849,https://apps.apple.com/us/app/500-loan-soft-credit-check/id6476809781
850,https://apps.apple.com/us/app/sheep-in-love/id1067565976
851,https://apps.apple.com/us/app/british-reigns-bios-videos/id6447442034
852,https://apps.apple.com/us/app/%D9%88%D8%A7%D8%AD%D8%A9-%D8%A7%D9%84%D9%85%D8%B9%D8%B1%D9%81%D8%A9-%D8%B5%D8%AD-%D8%A7%D9%85-%D8%AE%D8%B7%D8%A3/id1124087735
853,https://apps.apple.com/us/app/solitaire-games/id427086771
854,https://apps.apple.com/us/app/%E7%8F%AD%E7%BA%A7%E9%A2%84%E7%BA%A6/id6475395733
855,https://apps.apple.com/us/app/%E5%A5%87%E8%B9%9F%E8%83%8C%E5%96%AE%E5%AD%97/id1361517691
856,https://apps.apple.com/us/app/blendshop-blend-photos-for-instagram-facebook/id1099132005
857,https://apps.apple.com/us/app/irainwave-player/id1494609782
858,https://apps.apple.com/us/app/law-dictionary-offline/id1172050965
859,https://apps.apple.com/us/app/line-sweeper/id614449716
860,https://apps.apple.com/us/app/%ED%86%A0%EB%8B%A5%ED%86%A1/id1586930833
861,https://apps.apple.com/us/app/web-monitor-app/id352123644
862,https://apps.apple.com/us/app/%D0%BF%D1%80%D0%BE%D1%84%D0%BA%D0%B0%D1%80%D0%B4%D1%81-%D0%B1%D0%BE%D0%BD%D1%83%D1%81%D0%BD%D0%B0%D1%8F-%D0%BF%D1%80%D0%BE%D0%B3%D1%80%D0%B0%D0%BC%D0%BC%D0%B0/id1476237330
863,https://apps.apple.com/us/app/emporia-state-fcu/id906214152
864,https://apps.apple.com/us/app/watertown-mayer-public-schools/id1561011287
865,https://apps.apple.com/us/app/iora/id1518747131
866,https://apps.apple.com/us/app/nexustours/id6475717951
867,https://apps.apple.com/us/app/iterranostra/id515735231
868,https://apps.apple.com/us/app/twosisters-the-label/id6469385234
869,https://apps.apple.com/us/app/draw-lines-save-girl-friend/id6475980562
870,https://apps.apple.com/us/app/royal-oak-public-library/id6454901573
871,https://apps.apple.com/us/app/solitaire-offline-klondike/id6447507528
872,https://apps.apple.com/us/app/puzzzeni-coin-exchange-puzzle/id919037249
873,https://apps.apple.com/us/app/malincho/id964812479
874,https://apps.apple.com/us/app/chroma-effect-editor-for-your-videos-and-photos/id1248907450
875,https://apps.apple.com/us/app/wxcy-103-7-96-9/id6445825572
876,https://apps.apple.com/us/app/timos-pizza/id1569680216
877,https://apps.apple.com/us/app/ancient-arabian-scripts/id6446714538
878,https://apps.apple.com/us/app/mylim/id1298978251
879,https://apps.apple.com/us/app/the-bridal-exchange/id6445894639
880,https://apps.apple.com/us/app/real-flame-fire-mkii/id1420347959
881,https://apps.apple.com/us/app/%E8%AB%8B%E6%B1%82%E6%9B%B8%E8%87%AA%E5%8B%95%E5%8C%96ai-sweeep/id1562473312
882,https://apps.apple.com/us/app/optimal-humans/id1623761727
883,https://apps.apple.com/us/app/hoshi-sushi-delivery/id1550755121
884,https://apps.apple.com/us/app/kinship-barbers-lounge/id6443903656
885,https://apps.apple.com/us/app/reach4life-espa%C3%B1ol/id1587057751
886,https://apps.apple.com/us/app/%EC%BA%90%EC%8B%9C%ED%94%BC%EB%93%9C/id1472330758
887,https://apps.apple.com/us/app/ctt-mobile/id1610872429
888,https://apps.apple.com/us/app/toro-burger/id1384542661
889,https://apps.apple.com/us/app/favor-runner/id1295308505
890,https://apps.apple.com/us/app/uzeli-live/id1253606324
891,https://apps.apple.com/us/app/nx-v-pro-tv/id1660189498
892,https://apps.apple.com/us/app/the-grande-llc/id6449745607
893,https://apps.apple.com/us/app/perfect-u/id6473505019
894,https://apps.apple.com/us/app/byron-bank-mobile-banking/id855407498
895,https://apps.apple.com/us/app/dots-boxes-connecting-game/id1290174350
896,https://apps.apple.com/us/app/conservative-news/id1207514833
897,https://apps.apple.com/us/app/pasajero-cmv/id1481644622
898,https://apps.apple.com/us/app/heart-of-london-club/id608927008
899,https://apps.apple.com/us/app/am-calendar/id6446889661
900,https://apps.apple.com/us/app/rally-reader/id1459124176
901,https://apps.apple.com/us/app/theme-park-open/id6457257165
902,https://apps.apple.com/us/app/dride-fleet/id1638697053
903,https://apps.apple.com/us/app/asseconnect/id1438494292
904,https://apps.apple.com/us/app/hausmann-group-online/id1517485593
905,https://apps.apple.com/us/app/abacusbattle/id1209897631
906,https://apps.apple.com/us/app/groove-sat/id6463375024
907,https://apps.apple.com/us/app/tsw-mobile-client/id858570597
908,https://apps.apple.com/us/app/poker-championship-online/id1546205126
909,https://apps.apple.com/us/app/gus-on-the-go-hebrew/id547205711
910,https://apps.apple.com/us/app/learn-brazilian-portuguese-free-wordpower/id293880239
911,https://apps.apple.com/us/app/jets-car-wash/id6443587612
912,https://apps.apple.com/us/app/learn-whirlpool/id962017661
913,https://apps.apple.com/us/app/qr-reader-by-with/id1618675132
914,https://apps.apple.com/us/app/modento/id1317708557
915,https://apps.apple.com/us/app/elms-cafe-and-catering/id6444779212
916,https://apps.apple.com/us/app/mobojet-hobbino/id6473825933
917,https://apps.apple.com/us/app/stparaskevamc/id1505331260
918,https://apps.apple.com/us/app/the-ridgewood-news/id592874157
919,https://apps.apple.com/us/app/radio-malaysia-malay-radio/id1457970980
920,https://apps.apple.com/us/app/%D1%82%D1%8E%D0%B1%D0%B5%D1%82%D0%B5%D0%B9/id1594385089
921,https://apps.apple.com/us/app/al-masria/id1482318984
922,https://apps.apple.com/us/app/okeechobee-county-sheriff/id1441015664
923,https://apps.apple.com/us/app/fineartapp/id1101092840
924,https://apps.apple.com/us/app/spirit-coaching-astrology/id6443624692
925,https://apps.apple.com/us/app/san-diego-offline-map-guide-by-tripomatic/id612943339
926,https://apps.apple.com/us/app/%E8%AA%8D%E7%9F%A5%E7%97%87%E4%BA%88%E9%98%B2%E3%82%A2%E3%83%97%E3%83%AA-%E9%AB%98%E9%BD%A2%E8%80%85%E8%84%B3%E3%83%88%E3%83%AC%E3%82%B2%E3%83%BC%E3%83%A0/id1574648306
927,https://apps.apple.com/us/app/couple-hopes/id1500199636
928,https://apps.apple.com/us/app/corporations/id6450892077
929,https://apps.apple.com/us/app/travelpulse/id1619734461
930,https://apps.apple.com/us/app/the-bank-of-missouri/id1550627088
931,https://apps.apple.com/us/app/cycology-club/id1239451856
932,https://apps.apple.com/us/app/weave-write/id6450139479
933,https://apps.apple.com/us/app/the-farming-game/id848616678
934,https://apps.apple.com/us/app/the-elite-factory/id6475428402
935,https://apps.apple.com/us/app/hpb-business-mobile/id1521716519
936,https://apps.apple.com/us/app/connected-fitness-app/id1602392614
937,https://apps.apple.com/us/app/digital-desk/id1514156711
938,https://apps.apple.com/us/app/masnoon-duain-with-audio/id6466300650
939,https://apps.apple.com/us/app/rec-tv/id1553401890
940,https://apps.apple.com/us/app/1000-top-malayalam-movie-songs/id1190859522
941,https://apps.apple.com/us/app/medfastplus/id1536308378
942,https://apps.apple.com/us/app/tabela-taco-de-alimentos/id1441593311
943,https://apps.apple.com/us/app/fodo-mail/id6444599267
944,https://apps.apple.com/us/app/climb-up-reach-the-peak/id6467179367
945,https://apps.apple.com/us/app/ai%E6%89%AB%E8%B0%B1/id1492213961
946,https://apps.apple.com/us/app/wwl/id1321693029
947,https://apps.apple.com/us/app/xs-fpv/id1439054956
948,https://apps.apple.com/us/app/borderx/id1631017469
949,https://apps.apple.com/us/app/totalai/id6449304084
950,https://apps.apple.com/us/app/abbaptc/id1394425453
951,https://apps.apple.com/us/app/lynk-2/id1627679604
952,https://apps.apple.com/us/app/wayne-massage/id1475920215
953,https://apps.apple.com/us/app/flash-mental-calculation/id1224937523
954,https://apps.apple.com/us/app/petpost/id1530082393
955,https://apps.apple.com/us/app/evil-scary-school-teacher-game/id1499483161
956,https://apps.apple.com/us/app/zoo-quiz-the-animal-game/id1187230037
957,https://apps.apple.com/us/app/yaadie-mosquito/id1500964410
958,https://apps.apple.com/us/app/shieldim/id1519747284
959,https://apps.apple.com/us/app/isafecharge/id1088815397
960,https://apps.apple.com/us/app/parsika/id6450396762
961,https://apps.apple.com/us/app/osam/id1632044639
962,https://apps.apple.com/us/app/flirtz/id1574146817
963,https://apps.apple.com/us/app/%E9%97%AA%E8%9D%A0-it%E5%B7%A5%E7%A8%8B%E5%B8%88%E8%87%AA%E7%94%B1%E6%8E%A5%E5%8D%95%E5%B9%B3%E5%8F%B0/id1180489173
964,https://apps.apple.com/us/app/daily-post/id1137531351
965,https://apps.apple.com/us/app/instant-mobile/id1503539008
966,https://apps.apple.com/us/app/nowanda-inner-bliss/id1500257172
967,https://apps.apple.com/us/app/survey-merchandiser/id918226923
968,https://apps.apple.com/us/app/skintellect-mobile/id1609607447
969,https://apps.apple.com/us/app/notator-annotate-documents/id6447326736
970,https://apps.apple.com/us/app/the-value-connection-mobile/id1473169218
971,https://apps.apple.com/us/app/dealzapp/id1435708156
972,https://apps.apple.com/us/app/leisurecentre/id1388402620
973,https://apps.apple.com/us/app/zad-e-rah/id1477471663
974,https://apps.apple.com/us/app/replica-surfaces/id1589816730
975,https://apps.apple.com/us/app/cfa-m%C3%B3vil/id1438250595
976,https://apps.apple.com/us/app/cdsi/id1392366862
977,https://apps.apple.com/us/app/neweyes-3d-simulator/id1380118534
978,https://apps.apple.com/us/app/t3-smart/id1552348945
979,https://apps.apple.com/us/app/8th-south-car-and-dog-wash/id1581983681
980,https://apps.apple.com/us/app/gluck-sweets-cake/id1664792427
981,https://apps.apple.com/us/app/turtle-creek-wealth-advisors/id6448760106
982,https://apps.apple.com/us/app/greenlane-fuel-smarter/id6449985304
983,https://apps.apple.com/us/app/hucks-bucks-bigg-rewards/id1475070161
984,https://apps.apple.com/us/app/allio-finance/id6443817562
985,https://apps.apple.com/us/app/i-string/id1547563821
986,https://apps.apple.com/us/app/esc-group/id1053790030
987,https://apps.apple.com/us/app/bass-university-bass-u-tv/id1507812871
988,https://apps.apple.com/us/app/wasel-fuel/id1637638299
989,https://apps.apple.com/us/app/bank-of-the-west/id947859969
990,https://apps.apple.com/us/app/linear-world/id1672136459
991,https://apps.apple.com/us/app/esmart-connect/id1637040571
992,https://apps.apple.com/us/app/cs2go/id1619734704
993,https://apps.apple.com/us/app/group-study-app/id1467509828
994,https://apps.apple.com/us/app/hills-bank-home-mortgage/id1500945574
995,https://apps.apple.com/us/app/playoff-simulator/id1519356242
996,https://apps.apple.com/us/app/cih-part-ii-exam-prep-2017/id1212106706
997,https://apps.apple.com/us/app/alabama-national-fair/id1421993775
998,https://apps.apple.com/us/app/word-hero-crossword-puzzle/id1450723893
999,https://apps.apple.com/us/app/new-century-ag/id1568291602
1000,https://apps.apple.com/us/app/ata-yay%C4%B1nc%C4%B1l%C4%B1k-afacan-set/id1581316113
1001,https://apps.apple.com/us/app/collectphoto-scrolling-image/id6443788457
1002,https://apps.apple.com/us/app/lightkey1-0/id1433493883
1003,https://apps.apple.com/us/app/photo-touch-up-editor/id1475731855
1004,https://apps.apple.com/us/app/ringle-teens-1-1-tutoring/id1570081422
1005,https://apps.apple.com/us/app/mid-side-continuum/id6465949713
1006,https://apps.apple.com/us/app/reeyo-partner/id6472245721
1007,https://apps.apple.com/us/app/96-9-kfix-the-fix-hays-ks/id1251574636
1008,https://apps.apple.com/us/app/pro-landscaper/id592093844
1009,https://apps.apple.com/us/app/highlight-story-covers-editor/id1516446658
1010,https://apps.apple.com/us/app/chronic-migraine-anatomy/id1119291343
1011,https://apps.apple.com/us/app/meninak-club-of-jacksonville/id1447096894
1012,https://apps.apple.com/us/app/triptruck-drivers/id1587458918
1013,https://apps.apple.com/us/app/capitalizer/id1497875508
1014,https://apps.apple.com/us/app/feeds-all-the-web-one-feed/id1265608707
1015,https://apps.apple.com/us/app/rosesfm-88-9/id1229828192
1016,https://apps.apple.com/us/app/neosho-municipal-golf-course/id1532497593
1017,https://apps.apple.com/us/app/full-screen-video-recorder/id1438086255
1018,https://apps.apple.com/us/app/idue/id1448576863
1019,https://apps.apple.com/us/app/vdl-ar/id1247879002
1020,https://apps.apple.com/us/app/wise-learning-app/id6446755047
1021,https://apps.apple.com/us/app/flypack/id6450274596
1022,https://apps.apple.com/us/app/veko-app/id1540959632
1023,https://apps.apple.com/us/app/meet-fresh-usa-app/id1462809879
1024,https://apps.apple.com/us/app/dinner-bell-lite/id327766542
1025,https://apps.apple.com/us/app/bylgjan/id635526526
1026,https://apps.apple.com/us/app/uid-cloud-reader/id1475072475
1027,https://apps.apple.com/us/app/car-wash-fix-vehicle-games/id1303495601
1028,https://apps.apple.com/us/app/eventos-caliente/id6450062726
1029,https://apps.apple.com/us/app/bird-rock-coffee/id1622371749
1030,https://apps.apple.com/us/app/%E3%83%99%E3%83%93%E3%81%BE%E3%81%A8%E3%82%81-for-babymetal/id961538868
1031,https://apps.apple.com/us/app/restoration-church-bryan/id1632692964
1032,https://apps.apple.com/us/app/sculpture-hospitality/id1499684906
1033,https://apps.apple.com/us/app/waaw-shout-94-7/id1396521085
1034,https://apps.apple.com/us/app/hi-share-that/id1499493737
1035,https://apps.apple.com/us/app/%E8%82%87%E5%BA%86%E5%87%BA%E8%A1%8C/id1490525783
1036,https://apps.apple.com/us/app/ble-serial-terminal-v2/id6449844797
1037,https://apps.apple.com/us/app/oasis-360-by-aristocrat/id1070032612
1038,https://apps.apple.com/us/app/wadzzo/id1639649037
1039,https://apps.apple.com/us/app/crochet-for-beginners-learn-to-crochet/id965194808
1040,https://apps.apple.com/us/app/lgc-nappanee/id6469581416
1041,https://apps.apple.com/us/app/airfootball-two-player-game/id1582553984
1042,https://apps.apple.com/us/app/jd-drone/id1536553664
1043,https://apps.apple.com/us/app/relaxtify/id1621107840
1044,https://apps.apple.com/us/app/ckd-screening/id1454016337
1045,https://apps.apple.com/us/app/texas-tasting-trail/id1615011498
1046,https://apps.apple.com/us/app/strive-fitness-company/id6453559863
1047,https://apps.apple.com/us/app/garden-city-telegram-eedition/id1376101294
1048,https://apps.apple.com/us/app/community-church-waterford-wi/id1629746805
1049,https://apps.apple.com/us/app/logeat/id6449473771
1050,https://apps.apple.com/us/app/screen-shortcuts/id1606452952
1051,https://apps.apple.com/us/app/off-the-record-the-art-of-deception-hd/id1001704139
1052,https://apps.apple.com/us/app/lighting-leaf/id1600182130
1053,https://apps.apple.com/us/app/%E7%81%AB%E7%83%AD%E6%BC%AB%E7%94%BB-%E4%BA%8C%E6%AC%A1%E5%85%83%E6%AF%8F%E6%97%A5%E6%9B%B4%E6%96%B0%E6%BC%AB%E7%94%BB%E9%98%85%E8%AF%BB%E7%A5%9E%E5%99%A8/id1434655732
1054,https://apps.apple.com/us/app/coral-tree-cafe/id576833194
1055,https://apps.apple.com/us/app/dynamix-mobile/id975440434
1056,https://apps.apple.com/us/app/ulss-2-cup-treviso/id1012275808
1057,https://apps.apple.com/us/app/moceri-produce/id1630792325
1058,https://apps.apple.com/us/app/desa-unicum-auction-house/id1449065726
1059,https://apps.apple.com/us/app/%E7%9C%BE%E9%A6%AC/id1607257444
1060,https://apps.apple.com/us/app/luccrofx/id1509988705
1061,https://apps.apple.com/us/app/baby-discovers-the-piano-hd/id617673637
1062,https://apps.apple.com/us/app/innerunner/id6475796044
1063,https://apps.apple.com/us/app/delivery-lime-courier/id1506777481
1064,https://apps.apple.com/us/app/quran-and-islam/id1359227137
1065,https://apps.apple.com/us/app/mr-bow-2/id1484751778
1066,https://apps.apple.com/us/app/meteor-73/id1016157403
1067,https://apps.apple.com/us/app/kaminski-hire/id935596072
1068,https://apps.apple.com/us/app/insight-loans-app/id6446601858
1069,https://apps.apple.com/us/app/%E8%B5%A3%E4%BC%81%E5%BC%80%E5%8A%9Ee%E7%AA%97%E9%80%9A/id1510865716
1070,https://apps.apple.com/us/app/mta-germany/id998080943
1071,https://apps.apple.com/us/app/ga-farm-bureau-savings-plus/id1287688633
1072,https://apps.apple.com/us/app/sports-nerve/id6468219398
1073,https://apps.apple.com/us/app/%D7%91%D7%95%D7%A8%D7%92%D7%A8%D7%90%D7%A0%D7%A5/id1361046621
1074,https://apps.apple.com/us/app/dotalk/id1582289519
1075,https://apps.apple.com/us/app/the-compass-wood-fired-kitchen/id1477228816
1076,https://apps.apple.com/us/app/caisse-populaire-de-clare/id960123274
1077,https://apps.apple.com/us/app/image-id-by-neural-network/id1470883168
1078,https://apps.apple.com/us/app/nobel-app/id6473798529
1079,https://apps.apple.com/us/app/attendy-attendance-app/id6470379505
1080,https://apps.apple.com/us/app/%E5%B0%8F%E8%83%96%E7%86%8A/id1129607369
1081,https://apps.apple.com/us/app/vec-smart-response/id1552480605
1082,https://apps.apple.com/us/app/murall/id1515460310
1083,https://apps.apple.com/us/app/open-house-media/id6443591239
1084,https://apps.apple.com/us/app/gwm-portable-diagnostic-tool/id1460223651
1085,https://apps.apple.com/us/app/nairaxi/id1535748511
1086,https://apps.apple.com/us/app/blood-donor-diary/id1422392023
1087,https://apps.apple.com/us/app/nytra/id1018779755
1088,https://apps.apple.com/us/app/vision-elite-events/id1098907141
1089,https://apps.apple.com/us/app/no-bullying-app/id1496819826
1090,https://apps.apple.com/us/app/mad-switch/id1666460243
1091,https://apps.apple.com/us/app/trimethod-wellness/id6446476902
1092,https://apps.apple.com/us/app/clovis-cryo/id6448613406
1093,https://apps.apple.com/us/app/rc-repetier-server-pro/id1535367064
1094,https://apps.apple.com/us/app/%EB%B9%84%EC%83%81%EA%B5%90%EC%9C%A1-%EC%98%A4%ED%88%AC%EC%8B%A4%ED%97%98%EC%8B%A4/id1274393993
1095,https://apps.apple.com/us/app/todd-smith-fitness-a-z/id6456843921
1096,https://apps.apple.com/us/app/dark-parables-the-little-mermaid-and-the/id991446081
1097,https://apps.apple.com/us/app/waynes-coffee/id1668682573
1098,https://apps.apple.com/us/app/systemize-storage-made-easy/id6472231942
1099,https://apps.apple.com/us/app/mbcc-medical-billing-coding-certification/id1075918737
1100,https://apps.apple.com/us/app/rage-of-dragons/id1535779256
1101,https://apps.apple.com/us/app/brighton-bank-business/id1577806538
1102,https://apps.apple.com/us/app/hcls-checkitout/id1527150201
1103,https://apps.apple.com/us/app/franklin-somerset-fcu/id1139762849
1104,https://apps.apple.com/us/app/one-alarm/id420208602
1105,https://apps.apple.com/us/app/reliabank-dakota/id888459918
1106,https://apps.apple.com/us/app/redichek-et11/id966429167
1107,https://apps.apple.com/us/app/e-relationship-contact-builder/id1455078053
1108,https://apps.apple.com/us/app/arlington-ridge-golf-club/id1488826335
1109,https://apps.apple.com/us/app/heavy-com/id1504427959
1110,https://apps.apple.com/us/app/u-%EC%A7%80%EB%8A%A5%ED%98%95-cctv/id1434772039
1111,https://apps.apple.com/us/app/timibox/id6456888364
1112,https://apps.apple.com/us/app/photomagic-photo-editor-effects-edit-pictures/id1170759031
1113,https://apps.apple.com/us/app/first-state-mobile/id604065724
1114,https://apps.apple.com/us/app/bike-stars/id1537008253
1115,https://apps.apple.com/us/app/hiset-test-prep/id1498261120
1116,https://apps.apple.com/us/app/what-would-joel-do/id1531885601
1117,https://apps.apple.com/us/app/tropical-star/id6454792854
1118,https://apps.apple.com/us/app/strengthworks/id6447502497
1119,https://apps.apple.com/us/app/11-maths-practice-papers-gcse/id1493350481
1120,https://apps.apple.com/us/app/field-guides/id1215353929
1121,https://apps.apple.com/us/app/cbcs-driver/id6449855290
1122,https://apps.apple.com/us/app/wspolczesna-pl/id463262728
1123,https://apps.apple.com/us/app/bamboo-rolls-%D0%BA%D0%B5%D0%BC%D0%B5%D1%80%D0%BE%D0%B2%D0%BE/id6446403975
1124,https://apps.apple.com/us/app/mattawan-schools-mobile/id872559718
1125,https://apps.apple.com/us/app/permitconnect-minneapolis/id1575798301
1126,https://apps.apple.com/us/app/ymca-of-greater-kansas-city/id1345395873
1127,https://apps.apple.com/us/app/%D0%BF%D1%80%D0%BE%D0%BC%D1%8B%D1%88%D0%BB%D0%B5%D0%BD%D0%BD%D0%B0%D1%8F-%D0%B1%D0%B5%D0%B7%D0%BE%D0%BF%D0%B0%D1%81%D0%BD%D0%BE%D1%81%D1%82%D1%8C-2024/id1539396677
1128,https://apps.apple.com/us/app/%E8%97%8F%E8%AF%AD%E5%8A%A8%E8%AF%8D/id1457694770
1129,https://apps.apple.com/us/app/%D0%BA%D0%BE%D0%BD%D1%82%D1%83%D1%80-%D0%BC%D0%B0%D1%80%D0%BA%D0%B5%D1%82/id6446759025
1130,https://apps.apple.com/us/app/peppy-r%C3%A9servez-simplement/id1118655366
1131,https://apps.apple.com/us/app/catholic-family-cu/id1326441083
1132,https://apps.apple.com/us/app/rxsaver-prescription-discounts/id470475342
1133,https://apps.apple.com/us/app/fcr/id6467642731
1134,https://apps.apple.com/us/app/%E5%93%97%E5%95%A6%E5%95%A6%E9%97%A8%E5%BA%97%E5%AE%9D/id1191396462
1135,https://apps.apple.com/us/app/viewcoin-snap-get-rewards/id6443959862
1136,https://apps.apple.com/us/app/promo-points/id1078479673
1137,https://apps.apple.com/us/app/mykidzday-attendance/id1129797431
1138,https://apps.apple.com/us/app/stickman-ragdoll-backflip/id6466373452
1139,https://apps.apple.com/us/app/pocketbranch/id1511469076
1140,https://apps.apple.com/us/app/petsegypt/id1453965560
1141,https://apps.apple.com/us/app/gr-loans/id1098208859
1142,https://apps.apple.com/us/app/vexa/id6476895821
1143,https://apps.apple.com/us/app/old-tampa-photos/id1299228630
1144,https://apps.apple.com/us/app/spring-market/id1598134058
1145,https://apps.apple.com/us/app/delaware-dmv-test-reviewer-de/id1112088627
1146,https://apps.apple.com/us/app/create-a-riff/id1522109927
1147,https://apps.apple.com/us/app/in-season-ky/id1566143895
1148,https://apps.apple.com/us/app/kayla-kyle/id1476071514
1149,https://apps.apple.com/us/app/inaipi-creciendo-juntos/id1548763129
1150,https://apps.apple.com/us/app/klar-tale/id1600690550
1151,https://apps.apple.com/us/app/central-city-soccer-league/id1578230798
1152,https://apps.apple.com/us/app/wecopytrade/id6448784100
1153,https://apps.apple.com/us/app/25genius-ai-chat-assistant/id6448131771
1154,https://apps.apple.com/us/app/eatance/id1619790603
1155,https://apps.apple.com/us/app/cyprus-express/id6455684745
1156,https://apps.apple.com/us/app/onlo-a-shift-in-social/id6444911791
1157,https://apps.apple.com/us/app/rphally-a-pharmacist-network/id1524304526
1158,https://apps.apple.com/us/app/kentucky-dmv-permit-test-2024/id6443628913
1159,https://apps.apple.com/us/app/timmys-kindergarten-adventure/id489953512
1160,https://apps.apple.com/us/app/%D0%B0%D0%B2%D1%82%D0%BE%D0%B2%D0%BE%D0%BA%D0%B7%D0%B0%D0%BB-%D0%BA%D0%B0%D0%B7%D0%B0%D0%BD%D0%B8/id1504633086
1161,https://apps.apple.com/us/app/cart-ready/id1524497712
1162,https://apps.apple.com/us/app/galderma/id1563755967
1163,https://apps.apple.com/us/app/my-sps/id1457561993
1164,https://apps.apple.com/us/app/momencio/id1129387553
1165,https://apps.apple.com/us/app/udhaar-book-digi-khata-book/id1542333203
1166,https://apps.apple.com/us/app/bats-n-balls/id6450511015
1167,https://apps.apple.com/us/app/rh-s%C3%B6zl%C3%BCk/id1484805273
1168,https://apps.apple.com/us/app/siad-mobile/id1571313513
1169,https://apps.apple.com/us/app/tcd/id1614131304
1170,https://apps.apple.com/us/app/drinks-destroy-teeth/id999528387
1171,https://apps.apple.com/us/app/hoyst/id1291942482
1172,https://apps.apple.com/us/app/nabta-%D9%86%D8%A8%D8%AA%D8%A9/id1508198107
1173,https://apps.apple.com/us/app/g3ms/id1625313492
1174,https://apps.apple.com/us/app/dinamani/id1600023389
1175,https://apps.apple.com/us/app/suicide-safe-by-samhsa/id968468139
1176,https://apps.apple.com/us/app/upside/id1387770065
1177,https://apps.apple.com/us/app/radio-nai-fm-%D8%B1%D8%A7%D8%AF%D9%8A%D9%88-%D9%86%D8%A7%D9%8A/id6449245125
1178,https://apps.apple.com/us/app/luha/id6473959601
1179,https://apps.apple.com/us/app/foodnetpr-1-0/id909304191
1180,https://apps.apple.com/us/app/rates-money-crypto-widgets/id1526008011
1181,https://apps.apple.com/us/app/148-wellness/id1542170187
1182,https://apps.apple.com/us/app/goodfit/id6468593069
1183,https://apps.apple.com/us/app/angry-emoji-party-game/id1532396045
1184,https://apps.apple.com/us/app/citizens-trust-investment/id1599577096
1185,https://apps.apple.com/us/app/fiascomobile/id741421960
1186,https://apps.apple.com/us/app/nsbt-business-rdc/id1309658754
1187,https://apps.apple.com/us/app/bakingmon/id1323944383
1188,https://apps.apple.com/us/app/newbody4life/id6473542577
1189,https://apps.apple.com/us/app/word-crossy-best-word-games/id1530130614
1190,https://apps.apple.com/us/app/wish-live-live-streaming/id1584781800
1191,https://apps.apple.com/us/app/knockem-down/id1505206890
1192,https://apps.apple.com/us/app/cfpn-cci-exam-prep-test-2024/id6453684684
1193,https://apps.apple.com/us/app/bilingual-nerd/id1506362977
1194,https://apps.apple.com/us/app/%E7%BE%8Ep-linq/id1186107112
1195,https://apps.apple.com/us/app/rc-celta/id1445559122
1196,https://apps.apple.com/us/app/little-yum-yum-food-kids-game/id916663566
1197,https://apps.apple.com/us/app/librepago/id6447648199
1198,https://apps.apple.com/us/app/agris-warehouse/id1414547222
1199,https://apps.apple.com/us/app/me-2-0/id1563649082
1200,https://apps.apple.com/us/app/jmu-bus/id1271508860
1201,https://apps.apple.com/us/app/gurbani-kirtan/id6444955216
1202,https://apps.apple.com/us/app/%E8%9B%99%E7%9A%84%E6%97%85%E8%A1%8C%E5%AE%B6%E8%B7%B3%E4%B8%80%E8%B7%B3/id1341312250
1203,https://apps.apple.com/us/app/appricate/id1661902160
1204,https://apps.apple.com/us/app/%E9%81%93%E8%B7%AF%E6%A8%99%E8%AD%98%E3%83%81%E3%82%A7%E3%83%83%E3%82%AB%E3%83%BC-%E3%82%AF%E3%82%A4%E3%82%BA%E3%81%A7%E8%A6%9A%E3%81%88%E3%82%8B%E9%81%93%E8%B7%AF%E6%A8%99%E8%AD%98/id1620746482
1205,https://apps.apple.com/us/app/iclevertech/id1202824928
1206,https://apps.apple.com/us/app/flsmidth-siteconnect/id1477196795
1207,https://apps.apple.com/us/app/play-ode/id1511006042
1208,https://apps.apple.com/us/app/slot-machine-games/id1457899061
1209,https://apps.apple.com/us/app/transnet/id980611764
1210,https://apps.apple.com/us/app/mygnv/id1011272233
1211,https://apps.apple.com/us/app/tiburon-peninsula-club/id1521725843
1212,https://apps.apple.com/us/app/erad-mobile/id1155992956
1213,https://apps.apple.com/us/app/prana-yoga-hk/id1673776999
1214,https://apps.apple.com/us/app/myflex/id1484364138
1215,https://apps.apple.com/us/app/l%C3%A4kare-och-v%C3%A5rd-via-hembes%C3%B6k/id1448868472
1216,https://apps.apple.com/us/app/true-hope-church/id620497116
1217,https://apps.apple.com/us/app/clearhealthrx/id1491610673
1218,https://apps.apple.com/us/app/dont-touch-my-mindset/id6452756610
1219,https://apps.apple.com/us/app/herald-by-shimmy/id1565282342
1220,https://apps.apple.com/us/app/fish-book-dunfermline/id1551937452
1221,https://apps.apple.com/us/app/deep-up/id1607229328
1222,https://apps.apple.com/us/app/%D8%AA%D9%81%D9%88%D9%82-%D9%85%D8%B9%D9%86%D8%A7/id1441910408
1223,https://apps.apple.com/us/app/kv-lagree/id6468265126
1224,https://apps.apple.com/us/app/fsb-mobile-anadarko/id1164490078
1225,https://apps.apple.com/us/app/radio-planeta/id923763581
1226,https://apps.apple.com/us/app/%E6%9D%A1%E5%BD%A2%E7%A0%81/id6447537345
1227,https://apps.apple.com/us/app/gtr-events/id6444211059
1228,https://apps.apple.com/us/app/latto-latto-tek-master/id1669670090
1229,https://apps.apple.com/us/app/myccu-card/id1171814533
1230,https://apps.apple.com/us/app/%E3%81%BB%E3%81%BC%E7%84%A1%E7%90%86%E3%82%B2%E3%83%BC/id1085435354
1231,https://apps.apple.com/us/app/wellspring-fellowship-ny/id1546321613
1232,https://apps.apple.com/us/app/santa-barbara-dojo/id1622680287
1233,https://apps.apple.com/us/app/fas-rewards/id1494052843
1234,https://apps.apple.com/us/app/fret-learning/id1519914282
1235,https://apps.apple.com/us/app/car-finder-bh/id1527405235
1236,https://apps.apple.com/us/app/numbers-in-georgian-language/id1517694825
1237,https://apps.apple.com/us/app/baby-nursery-baby-care/id1491015607
1238,https://apps.apple.com/us/app/sgr-afi-events/id6446369082
1239,https://apps.apple.com/us/app/crewsight-mobile/id1223909532
1240,https://apps.apple.com/us/app/harvestrolley-picker/id6443657506
1241,https://apps.apple.com/us/app/oxygen-and-iron-studio/id1444906091
1242,https://apps.apple.com/us/app/climb-the-box/id1626288229
1243,https://apps.apple.com/us/app/basic-course/id1271592498
1244,https://apps.apple.com/us/app/map-car-b%E1%BA%A3n-%C4%91%E1%BB%93-xe-t%E1%BB%B1-l%C3%A1i/id6466240675
1245,https://apps.apple.com/us/app/vxmed/id1667533029
1246,https://apps.apple.com/us/app/somnium-eleven-dating-sim-rpg/id1592343812
1247,https://apps.apple.com/us/app/halodoc-for-doctors/id1251823954
1248,https://apps.apple.com/us/app/the-trust-company-wealth/id1570321335
1249,https://apps.apple.com/us/app/tab-global/id1558514922
1250,https://apps.apple.com/us/app/arm-app/id1513228604
1251,https://apps.apple.com/us/app/sofiamovil/id1422399576
1252,https://apps.apple.com/us/app/flowfinity/id487056662
1253,https://apps.apple.com/us/app/snow-night-wallpaper-hd-winter-background-themes/id1184282749
1254,https://apps.apple.com/us/app/%E4%B9%90%E5%81%A5%E4%BD%93%E8%82%B2/id1257733279
1255,https://apps.apple.com/us/app/chatacting/id6464289267
1256,https://apps.apple.com/us/app/ira-honda-saco/id1602865547
1257,https://apps.apple.com/us/app/moodwave/id6466826251
1258,https://apps.apple.com/us/app/classical-music-shapes-colors/id963541488
1259,https://apps.apple.com/us/app/nami-piedmont/id6448579702
1260,https://apps.apple.com/us/app/nature-coast-sc/id6448524720
1261,https://apps.apple.com/us/app/cscs-mobile-app/id1475831809
1262,https://apps.apple.com/us/app/memorizer-learning-assistant/id1378565265
1263,https://apps.apple.com/us/app/checklists-repeating-to-dos/id1665736806
1264,https://apps.apple.com/us/app/efb-business-mobile/id1580603698
1265,https://apps.apple.com/us/app/night-storm-walk/id1112349979
1266,https://apps.apple.com/us/app/yapmapapp/id1462299890
1267,https://apps.apple.com/us/app/naheed-pk-online-shopping-app/id6467872664
1268,https://apps.apple.com/us/app/upcharge/id1593444648
1269,https://apps.apple.com/us/app/appfit-app-metrics-journal/id1590415335
1270,https://apps.apple.com/us/app/safe-house-pdf-file-maker/id6469593288
1271,https://apps.apple.com/us/app/comptia-collection/id1621032131
1272,https://apps.apple.com/us/app/regatta-manager-assistant/id974151450
1273,https://apps.apple.com/us/app/wikiki-well-breathing-play/id1451143779
1274,https://apps.apple.com/us/app/robo-live/id1143043349
1275,https://apps.apple.com/us/app/angry-phoenix-revenge-3d/id1116935042
1276,https://apps.apple.com/us/app/dechire/id6468029821
1277,https://apps.apple.com/us/app/vitesse-logistic/id1529812893
1278,https://apps.apple.com/us/app/carve-house/id6446617590
1279,https://apps.apple.com/us/app/wccu-mrdc/id1630440307
1280,https://apps.apple.com/us/app/helix-apps/id1615325724
1281,https://apps.apple.com/us/app/djtv/id1594690431
1282,https://apps.apple.com/us/app/petporter/id1484304918
1283,https://apps.apple.com/us/app/blaque-net/id1533830647
1284,https://apps.apple.com/us/app/easy-resume-pro-cv-maker/id1517364362
1285,https://apps.apple.com/us/app/gynzone-obgyns-and-midwives/id1487641959
1286,https://apps.apple.com/us/app/arena-stats-for-halo-5/id1071676473
1287,https://apps.apple.com/us/app/the-highlands-school/id6463165676
1288,https://apps.apple.com/us/app/%E3%81%8A%E9%87%91%E3%81%AE%E3%82%B2%E3%83%BC%E3%83%A0-%E3%81%8A%E9%87%91%E3%82%92%E8%90%BD%E3%81%A8%E3%81%97%E3%81%A6%E5%84%84%E4%B8%87%E9%95%B7%E8%80%85%E3%81%A0%E3%81%9C-%E3%82%AA%E3%83%B3%E3%83%A9%E3%82%A4%E3%83%B3%E5%AF%BE%E6%88%A6/id6469039878
1289,https://apps.apple.com/us/app/ram-restaurant-berlin/id6466742164
1290,https://apps.apple.com/us/app/real-race-master/id1439689097
1291,https://apps.apple.com/us/app/secure-content/id1522930600
1292,https://apps.apple.com/us/app/airstrike-commander-3d/id6468367114
1293,https://apps.apple.com/us/app/wire-resistance-calc/id1435033524
1294,https://apps.apple.com/us/app/beach-in-rio/id1187727207
1295,https://apps.apple.com/us/app/digit-draw/id1659653939
1296,https://apps.apple.com/us/app/bridgewater-authenticator/id1496256902
1297,https://apps.apple.com/us/app/syride/id1584133070
1298,https://apps.apple.com/us/app/highlight-vpn/id1517478960
1299,https://apps.apple.com/us/app/reinvest/id6473106904
1300,https://apps.apple.com/us/app/slider-puzzles-2017/id1269405173
1301,https://apps.apple.com/us/app/falafel-station-%D9%85%D8%AD%D8%B7%D8%A9-%D8%A7%D9%84%D9%81%D9%84%D8%A7%D9%81%D9%84/id1668047668
1302,https://apps.apple.com/us/app/richmond-recycling/id1073943324
1303,https://apps.apple.com/us/app/wrapiq/id1643534680
1304,https://apps.apple.com/us/app/modan/id1454789361
1305,https://apps.apple.com/us/app/pawzr/id1274537678
1306,https://apps.apple.com/us/app/becados-ce/id6473333056
1307,https://apps.apple.com/us/app/%D1%82%D0%BE%D0%BA%D0%B8%D0%B9%D1%81%D0%BA%D0%B8%D0%B9-%D1%8D%D0%BA%D1%81%D0%BF%D1%80%D0%B5%D1%81%D1%81-%D0%B0%D0%BB%D0%BC%D0%B0%D1%82%D1%8B/id6448661575
1308,https://apps.apple.com/us/app/red-taxi-rider/id1611589045
1309,https://apps.apple.com/us/app/track-roll-ess/id1628465411
1310,https://apps.apple.com/us/app/dolores-huerta-middle-school/id1512880197
1311,https://apps.apple.com/us/app/airport-idle-arcade-3d/id1619994616
1312,https://apps.apple.com/us/app/rivers-edge-bank/id950442930
1313,https://apps.apple.com/us/app/acha-2023-annual-meeting/id6448736257
1314,https://apps.apple.com/us/app/clay-shooting-legacy-subs/id374251042
1315,https://apps.apple.com/us/app/canyon-fitness-center/id1113086547
1316,https://apps.apple.com/us/app/igod-today/id362849277
1317,https://apps.apple.com/us/app/ginsbergs-mobile/id1456586418
1318,https://apps.apple.com/us/app/recall-check/id1240159422
1319,https://apps.apple.com/us/app/hopskipdrive/id950823144
1320,https://apps.apple.com/us/app/cloudfy/id1508584162
1321,https://apps.apple.com/us/app/%D8%A7%D9%84%D9%87%D9%88%D8%AF%D8%AC/id1552949911
1322,https://apps.apple.com/us/app/ohni/id1282138704
1323,https://apps.apple.com/us/app/mycard-sharing-via-qr/id1538408700
1324,https://apps.apple.com/us/app/kind-goods/id1639131455
1325,https://apps.apple.com/us/app/bike-racing-motorcycle-stunt/id1586636678
1326,https://apps.apple.com/us/app/cannon-master/id1141245219
1327,https://apps.apple.com/us/app/evalcam/id1565204726
1328,https://apps.apple.com/us/app/sportapp/id442405292
1329,https://apps.apple.com/us/app/bot-business-deposit/id1402430206
1330,https://apps.apple.com/us/app/splingo-for-schools/id1610103576
1331,https://apps.apple.com/us/app/uum-student-2-0/id6466129101
1332,https://apps.apple.com/us/app/taylor-living/id6468110514
1333,https://apps.apple.com/us/app/vpn-lit-best-vpn-proxy/id1627243300
1334,https://apps.apple.com/us/app/study-at-home-learning-app/id1668324769
1335,https://apps.apple.com/us/app/relictum-node/id1503297070
1336,https://apps.apple.com/us/app/pizzadoros-app/id1133207548
1337,https://apps.apple.com/us/app/need-to-know/id1529149818
1338,https://apps.apple.com/us/app/%E5%8D%8E%E8%87%B4%E9%85%92%E8%A1%8C%E6%97%97%E8%88%B0%E5%BA%97/id1514340491
1339,https://apps.apple.com/us/app/50five-go/id1544443212
1340,https://apps.apple.com/us/app/wvtm-13-birmingham/id938432911
1341,https://apps.apple.com/us/app/ds-cam/id998256678
1342,https://apps.apple.com/us/app/cothebarber-kreations/id1504135124
1343,https://apps.apple.com/us/app/teeth-jo/id1599082365
1344,https://apps.apple.com/us/app/casa-viva/id1489449063
1345,https://apps.apple.com/us/app/wegrill/id1138698194
1346,https://apps.apple.com/us/app/abqarino-%D8%B9%D8%A8%D9%82%D8%B1%D9%8A%D9%86%D9%88/id6453294038
1347,https://apps.apple.com/us/app/winds-up-kitesurfing/id6470040852
1348,https://apps.apple.com/us/app/simplest-audio-player/id1532387054
1349,https://apps.apple.com/us/app/life-christian-church-tacoma/id1228291179
1350,https://apps.apple.com/us/app/%E8%9C%9C%E7%B3%96%E8%A7%86%E9%A2%91-%E7%83%AD%E6%92%AD%E7%9F%AD%E5%89%A7%E5%B9%B3%E5%8F%B0/id6469033216
1351,https://apps.apple.com/us/app/star-liquors-durango/id1523024555
1352,https://apps.apple.com/us/app/%E6%96%B0%E4%B8%96%E7%BA%AA%E8%8B%B1%E6%B1%89%E6%B1%89%E8%8B%B1%E5%A4%A7%E8%AF%8D%E5%85%B8-%E7%BF%BB%E8%AF%91%E8%80%83%E8%AF%95%E5%BF%85%E5%A4%87%E5%B7%A5%E5%85%B7%E4%B9%A6/id1296737166
1353,https://apps.apple.com/us/app/crisis-track/id672531619
1354,https://apps.apple.com/us/app/b-charge/id1515229335
1355,https://apps.apple.com/us/app/%E5%87%8C%E5%BA%A6%E6%99%BA%E8%83%BD/id1516962727
1356,https://apps.apple.com/us/app/weet-smart/id1517271897
1357,https://apps.apple.com/us/app/splash-cleaners/id1557408985
1358,https://apps.apple.com/us/app/%E5%B8%88%E7%94%9F%E9%80%9A%E6%96%B0%E7%89%88/id1024378513
1359,https://apps.apple.com/us/app/fps-sniper-shooting-games-3d/id6453468035
1360,https://apps.apple.com/us/app/atum-sportswear/id6444442873
1361,https://apps.apple.com/us/app/flight-cg-calculator/id6471514873
1362,https://apps.apple.com/us/app/basketball-quotes/id1095112366
1363,https://apps.apple.com/us/app/fieldcatcher/id1453848425
1364,https://apps.apple.com/us/app/animal-care-clinic-oregon/id1562901064
1365,https://apps.apple.com/us/app/smarthomesystems-start/id6458838080
1366,https://apps.apple.com/us/app/%D1%87%D1%82%D0%BE-%D1%81%D0%BA%D1%80%D1%8B%D1%82%D0%BE/id736015688
1367,https://apps.apple.com/us/app/handy-service-partner/id1671953253
1368,https://apps.apple.com/us/app/%E9%B2%81%E7%89%A7%E4%BA%91/id1545092392
1369,https://apps.apple.com/us/app/infor-crm-mobile/id1531503523
1370,https://apps.apple.com/us/app/faithpro/id1084547988
1371,https://apps.apple.com/us/app/%EC%99%80%EB%93%9C%EC%9A%94%EC%A0%95-%ED%81%AC%EB%A1%9C%EC%8A%A4%ED%95%8F-%EC%99%80%EB%93%9C-%EB%8B%A4%EC%9D%B4%EC%96%B4%EB%A6%AC-%EC%95%B1/id6476688386
1372,https://apps.apple.com/us/app/fitsport-kinetics/id1099956759
1373,https://apps.apple.com/us/app/diamond-peak-homes/id1638680231
1374,https://apps.apple.com/us/app/rastrecontrol-rastreamento/id1669818609
1375,https://apps.apple.com/us/app/bison-driver/id6470409790
1376,https://apps.apple.com/us/app/radiant-card-manager/id1566049863
1377,https://apps.apple.com/us/app/the-discounter-app-free-offers/id1474365516
1378,https://apps.apple.com/us/app/auntie-family-matchmaking/id1578003989
1379,https://apps.apple.com/us/app/wild-west-guns-shooter-3d/id1243331980
1380,https://apps.apple.com/us/app/opportune/id1556205068
1381,https://apps.apple.com/us/app/learn-angular-offline-pro/id1554629772
1382,https://apps.apple.com/us/app/%E5%A5%BD%E5%8C%BB%E5%B7%A5/id1160657486
1383,https://apps.apple.com/us/app/sabarmati-ashram-digital-guide/id1193617123
1384,https://apps.apple.com/us/app/city-destroyer/id1665594859
1385,https://apps.apple.com/us/app/skipcast-podcast-player/id998629863
1386,https://apps.apple.com/us/app/amaari-fine-jewelry/id6444526960
1387,https://apps.apple.com/us/app/utsa-cspd/id1227801777
1388,https://apps.apple.com/us/app/canada-music-online-radio-from-ottawa/id1136014415
1389,https://apps.apple.com/us/app/mufg-exchange-mobile/id1447176101
1390,https://apps.apple.com/us/app/mezzanine/id477760229
1391,https://apps.apple.com/us/app/al-ahad-islamic-center/id1618192273
1392,https://apps.apple.com/us/app/puzzle-ball-maze/id1621559317
1393,https://apps.apple.com/us/app/st-john-23-catholic-school/id1535032713
1394,https://apps.apple.com/us/app/tryaring/id1258128362
